,home_team,away_team,home_score,away_score,home_manager,away_manager,Attendance,Venue,Round,Date,Score,Referee,Host,Year,home_goal,away_goal,home_penalty_goal,away_penalty_goal
0,Spain,England,1,0,Jorge Vilda,Sarina Wiegman,75784,"Accor Stadium, Sydney",Final,2023-08-20,1–0,Tori Penso,"Australia, New Zealand",2023,Olga Carmona · 29’,,,
1,Sweden,Australia,2,0,Peter Gerhardsson,Tony Gustavsson,49461,"Suncorp Stadium, Brisbane",Third-place match,2023-08-19,2–0,,"Australia, New Zealand",2023,Kosovare Asllani · 62’,,Fridolina Rolfö (P) · 30’,
2,Australia,England,1,3,Tony Gustavsson,Sarina Wiegman,75784,"Accor Stadium, Sydney",Semi-finals,2023-08-16,1–3,Tori Penso,"Australia, New Zealand",2023,Sam Kerr · 63’,Ella Toone · 36’|Lauren Hemp · 71’|Alessia Russo · 86’,,
3,Spain,Sweden,2,1,Jorge Vilda,Peter Gerhardsson,43217,"Eden Park, Auckland",Semi-finals,2023-08-15,2–1,Edina Alves Batista,"Australia, New Zealand",2023,Salma Paralluelo · 81’|Olga Carmona · 89’,Rebecka Blomqvist · 88’,,
4,Australia,France,0,0,Tony Gustavsson,Hervé Renard,49461,"Suncorp Stadium, Brisbane",Quarter-finals,2023-08-12,(7) 0–0 (6),María Carvajal,"Australia, New Zealand",2023,,,,
5,England,Colombia,2,1,Sarina Wiegman,Nelson Abadía,75784,"Accor Stadium, Sydney",Quarter-finals,2023-08-12,2–1,Katja Koroleva,"Australia, New Zealand",2023,Lauren Hemp · 45+6’|Alessia Russo · 63’,Leicy Santos · 44’,,
6,Spain,Netherlands,2,1,Jorge Vilda,Andries Jonker,32021,"Sky Stadium, Wellington",Quarter-finals,2023-08-11,2–1,Stéphanie Frappart,"Australia, New Zealand",2023,Salma Paralluelo · 111’,Stefanie van der Gragt · 90+1’,Mariona Caldentey (P) · 81’,
7,Japan,Sweden,1,2,Futoshi Ikeda,Peter Gerhardsson,43217,"Eden Park, Auckland",Quarter-finals,2023-08-11,1–2,Esther Staubli,"Australia, New Zealand",2023,Honoka Hayashi · 87’,Amanda Ilestedt · 32’,,Filippa Angeldahl (P) · 51’
8,Colombia,Jamaica,1,0,Nelson Abadía,Lorne Donaldson,27706,"AAMI Park, Melbourne",Round of 16,2023-08-08,1–0,Kate Jacewicz,"Australia, New Zealand",2023,Catalina Usme · 51’,,,
9,France,Morocco,4,0,Hervé Renard,Reynald Pedros,13557,"Coopers Stadium, Adelaide",Round of 16,2023-08-08,4–0,Tori Penso,"Australia, New Zealand",2023,Kadidiatou Diani · 15’|Kenza Dali · 20’|Eugénie Le Sommer · 23’|Eugénie Le Sommer · 70’,,,
10,England,Nigeria,0,0,Sarina Wiegman,Randy Waldrum,49461,"Suncorp Stadium, Brisbane",Round of 16,2023-08-07,(4) 0–0 (2),Melissa Borjas Pastrana,"Australia, New Zealand",2023,,,,
11,Australia,Denmark,2,0,Tony Gustavsson,Lars Søndergaard,75784,"Accor Stadium, Sydney",Round of 16,2023-08-07,2–0,Rebecca Welch,"Australia, New Zealand",2023,Caitlin Foord · 29’|Hayley Raso · 70’,,,
12,Netherlands,South Africa,2,0,Andries Jonker,Desiree Ellis,40233,"Allianz Stadium, Sydney",Round of 16,2023-08-06,2–0,Yoshimi Yamashita,"Australia, New Zealand",2023,Jill Roord · 9’|Lineth Beerensteyn · 68’,,,
13,Sweden,United States,0,0,Peter Gerhardsson,Vlatko Andonovski,27706,"AAMI Park, Melbourne",Round of 16,2023-08-06,(5) 0–0 (4),Stéphanie Frappart,"Australia, New Zealand",2023,,,,
14,Switzerland,Spain,1,5,Inka Grings,Jorge Vilda,43217,"Eden Park, Auckland",Round of 16,2023-08-05,1–5,Cheryl Foster,"Australia, New Zealand",2023,,Aitana Bonmatí · 5’|Alba Redondo · 17’|Aitana Bonmatí · 36’|Laia Codina · 45’|Jennifer Hermoso · 70’,,
15,Japan,Norway,3,1,Futoshi Ikeda,Hege Riise,33042,"Sky Stadium, Wellington",Round of 16,2023-08-05,3–1,Edina Alves Batista,"Australia, New Zealand",2023,Risa Shimizu · 50’|Hinata Miyazawa · 81’,Guro Reiten · 20’,,
16,Morocco,Colombia,1,0,Reynald Pedros,Nelson Abadía,17342,"HBF Park, Perth",Group stage,2023-08-03,1–0,Maria Sole Ferrieri Caputi,"Australia, New Zealand",2023,Anissa Lahmari · 45+4’,,,
17,Korea Republic,Germany,1,1,Colin Bell,Martina Voss-Tecklenburg,38945,"Suncorp Stadium, Brisbane",Group stage,2023-08-03,1–1,Anna-Marie Keighley,"Australia, New Zealand",2023,Cho So-hyun · 6’,Alexandra Popp · 42’,,
18,South Africa,Italy,3,2,Desiree Ellis,Milena Bertolini,14967,"Sky Stadium, Wellington",Group stage,2023-08-02,3–2,María Carvajal,"Australia, New Zealand",2023,Hildah Magaia · 67’|Thembi Kgatlana · 90+2’,Arianna Caruso · 74’,,Arianna Caruso (P) · 11’
19,Argentina,Sweden,0,2,Germán Portanova,Peter Gerhardsson,17907,"FMG Stadium Waikato, Hamilton",Group stage,2023-08-02,0–2,Salima Mukansanga,"Australia, New Zealand",2023,,Rebecka Blomqvist · 66’,,Elin Rubensson (P) · 90’
20,Jamaica,Brazil,0,0,Lorne Donaldson,Pia Sundhage,27638,"AAMI Park, Melbourne",Group stage,2023-08-02,0–0,Esther Staubli,"Australia, New Zealand",2023,,,,
21,Panama,France,3,6,Nacho Quintana,Hervé Renard,40498,"Allianz Stadium, Sydney",Group stage,2023-08-02,3–6,Laura Fortunato,"Australia, New Zealand",2023,Marta Cox · 2’|Lineth Cedeño · 87’,Maëlle Lakrar · 21’|Kadidiatou Diani · 28’|Léa Le Garrec · 45+5’|Vicki Bècho · 90+10’,Yomira Pinzón (P) · 64’,Kadidiatou Diani (P) · 37’|Kadidiatou Diani (P) · 52’
22,Vietnam,Netherlands,0,7,Mai Đức Chung,Andries Jonker,8215,"Forsyth Barr Stadium, Dunedin",Group stage,2023-08-01,0–7,Ivana Martinčić,"Australia, New Zealand",2023,,Lieke Martens · 8’|Katja Snoeijs · 11’|Esmee Brugts · 18’|Jill Roord · 23’|Daniëlle van de Donk · 45’|Esmee Brugts · 57’|Jill Roord · 83’,,
23,Portugal,United States,0,0,Francisco Neto,Vlatko Andonovski,40958,"Eden Park, Auckland",Group stage,2023-08-01,0–0,Rebecca Welch,"Australia, New Zealand",2023,,,,
24,Haiti,Denmark,0,2,Nicolas Delépine,Lars Søndergaard,17897,"HBF Park, Perth",Group stage,2023-08-01,0–2,Oh Hyeonjeong,"Australia, New Zealand",2023,,Sanne Troelsgaard Nielsen · 90+10’,,Pernille Harder (P) · 21’
25,China PR,England,1,6,Shui Qingxia,Sarina Wiegman,13497,"Coopers Stadium, Adelaide",Group stage,2023-08-01,1–6,Casey Reibelt,"Australia, New Zealand",2023,,Alessia Russo · 4’|Lauren Hemp · 26’|Lauren James · 41’|Lauren James · 65’|Chloe Kelly · 77’|Rachel Daly · 84’,Wang Shuang (P) · 57’,
26,Japan,Spain,4,0,Futoshi Ikeda,Jorge Vilda,20957,"Sky Stadium, Wellington",Group stage,2023-07-31,4–0,Katja Koroleva,"Australia, New Zealand",2023,Hinata Miyazawa · 12’|Riko Ueki · 29’|Hinata Miyazawa · 40’|Mina Tanaka · 82’,,,
27,Costa Rica,Zambia,1,3,Amelia Valverde,Bruce Mwape,8117,"FMG Stadium Waikato, Hamilton",Group stage,2023-07-31,1–3,Bouchra Karboubi,"Australia, New Zealand",2023,Melissa Herrera · 47’,Lushomo Mweemba · 3’|Racheal Kundananji · 90+3’,,Barbra Banda (P) · 31’
28,Republic of Ireland,Nigeria,0,0,Vera Pauw,Randy Waldrum,24884,"Suncorp Stadium, Brisbane",Group stage,2023-07-31,0–0,Katia García,"Australia, New Zealand",2023,,,,
29,Canada,Australia,0,4,Bev Priestman,Tony Gustavsson,27706,"AAMI Park, Melbourne",Group stage,2023-07-31,0–4,Stéphanie Frappart,"Australia, New Zealand",2023,,Hayley Raso · 9’|Hayley Raso · 39’|Mary Fowler · 58’,,Steph Catley (P) · 90+4’
30,Korea Republic,Morocco,0,1,Colin Bell,Reynald Pedros,12886,"Coopers Stadium, Adelaide",Group stage,2023-07-30,0–1,Edina Alves Batista,"Australia, New Zealand",2023,,Ibtissam Jraïdi · 6’,,
31,Switzerland,New Zealand,0,0,Inka Grings,Jitka Klimková,25947,"Forsyth Barr Stadium, Dunedin",Group stage,2023-07-30,0–0,Tori Penso,"Australia, New Zealand",2023,,,,
32,Norway,Philippines,6,0,Hege Riise,Alen Stajcic,34697,"Eden Park, Auckland",Group stage,2023-07-30,6–0,Marie-Soleil Beaudoin,"Australia, New Zealand",2023,Sophie Román Haug · 6’|Sophie Román Haug · 17’|Caroline Graham Hansen · 31’|Sophie Román Haug · 90+5’,,Guro Reiten (P) · 53’,
33,Germany,Colombia,1,2,Martina Voss-Tecklenburg,Nelson Abadía,40499,"Allianz Stadium, Sydney",Group stage,2023-07-30,1–2,Melissa Borjas Pastrana,"Australia, New Zealand",2023,,Linda Caicedo · 52’|Manuela Vanegas · 90+7’,Alexandra Popp (P) · 89’,
34,Sweden,Italy,5,0,Peter Gerhardsson,Milena Bertolini,29143,"Sky Stadium, Wellington",Group stage,2023-07-29,5–0,Cheryl Foster,"Australia, New Zealand",2023,Amanda Ilestedt · 39’|Fridolina Rolfö · 44’|Stina Blackstenius · 45+1’|Amanda Ilestedt · 50’|Rebecka Blomqvist · 90+5’,,,
35,France,Brazil,2,1,Hervé Renard,Pia Sundhage,49378,"Suncorp Stadium, Brisbane",Group stage,2023-07-29,2–1,Kate Jacewicz,"Australia, New Zealand",2023,Eugénie Le Sommer · 17’|Wendie Renard · 83’,Debinha · 58’,,
36,Panama,Jamaica,0,1,Nacho Quintana,Lorne Donaldson,15987,"HBF Park, Perth",Group stage,2023-07-29,0–1,Kateryna Monzul,"Australia, New Zealand",2023,,Allyson Swaby · 56’,,
37,Argentina,South Africa,2,2,Germán Portanova,Desiree Ellis,8834,"Forsyth Barr Stadium, Dunedin",Group stage,2023-07-28,2–2,Anna-Marie Keighley,"Australia, New Zealand",2023,Sophia Braun · 74’|Romina Núñez · 79’,Linda Motlhalo · 30’|Thembi Kgatlana · 66’,,
38,England,Denmark,1,0,Sarina Wiegman,Lars Søndergaard,40439,"Allianz Stadium, Sydney",Group stage,2023-07-28,1–0,Tess Olofsson,"Australia, New Zealand",2023,Lauren James · 6’,,,
39,China PR,Haiti,1,0,Shui Qingxia,Nicolas Delépine,12675,"Coopers Stadium, Adelaide",Group stage,2023-07-28,1–0,Marta Huerta,"Australia, New Zealand",2023,,,Wang Shuang (P) · 74’,
40,United States,Netherlands,1,1,Vlatko Andonovski,Andries Jonker,27312,"Sky Stadium, Wellington",Group stage,2023-07-27,1–1,Yoshimi Yamashita,"Australia, New Zealand",2023,Lindsey Horan · 62’,Jill Roord · 17’,,
41,Portugal,Vietnam,2,0,Francisco Neto,Mai Đức Chung,6645,"FMG Stadium Waikato, Hamilton",Group stage,2023-07-27,2–0,Salima Mukansanga,"Australia, New Zealand",2023,Telma Encarnação · 7’|Kika Nazareth · 21’,,,
42,Australia,Nigeria,2,3,Tony Gustavsson,Randy Waldrum,49156,"Suncorp Stadium, Brisbane",Group stage,2023-07-27,2–3,Esther Staubli,"Australia, New Zealand",2023,Emily van Egmond · 45+1’|Alanna Kennedy · 90+10’,Uchenna Kanu · 45+6’|Osinachi Ohale · 65’|Asisat Oshoala · 72’,,
43,Japan,Costa Rica,2,0,Futoshi Ikeda,Amelia Valverde,6992,"Forsyth Barr Stadium, Dunedin",Group stage,2023-07-26,2–0,Maria Sole Ferrieri Caputi,"Australia, New Zealand",2023,Hikaru Naomoto · 25’|Aoba Fujino · 27’,,,
44,Spain,Zambia,5,0,Jorge Vilda,Bruce Mwape,20983,"Eden Park, Auckland",Group stage,2023-07-26,5–0,Oh Hyeonjeong,"Australia, New Zealand",2023,Teresa Abelleira · 9’|Jennifer Hermoso · 13’|Alba Redondo · 69’|Jennifer Hermoso · 70’|Alba Redondo · 85’,,,
45,Canada,Republic of Ireland,2,1,Bev Priestman,Vera Pauw,17065,"HBF Park, Perth",Group stage,2023-07-26,2–1,Laura Fortunato,"Australia, New Zealand",2023,Adriana Leon · 53’,Katie McCabe · 4’,,
46,Colombia,Korea Republic,2,0,Nelson Abadía,Colin Bell,24323,"Allianz Stadium, Sydney",Group stage,2023-07-25,2–0,Rebecca Welch,"Australia, New Zealand",2023,Linda Caicedo · 39’,,Catalina Usme (P) · 30’,
47,New Zealand,Philippines,0,1,Jitka Klimková,Alen Stajcic,32357,"Sky Stadium, Wellington",Group stage,2023-07-25,0–1,Katia García,"Australia, New Zealand",2023,,Sarina Bolden · 24’,,
48,Switzerland,Norway,0,0,Inka Grings,Hege Riise,10769,"FMG Stadium Waikato, Hamilton",Group stage,2023-07-25,0–0,Stéphanie Frappart,"Australia, New Zealand",2023,,,,
49,Italy,Argentina,1,0,Milena Bertolini,Germán Portanova,30889,"Eden Park, Auckland",Group stage,2023-07-24,1–0,Melissa Borjas Pastrana,"Australia, New Zealand",2023,Cristiana Girelli · 87’,,,
50,Germany,Morocco,6,0,Martina Voss-Tecklenburg,Reynald Pedros,27256,"AAMI Park, Melbourne",Group stage,2023-07-24,6–0,Tori Penso,"Australia, New Zealand",2023,Alexandra Popp · 11’|Alexandra Popp · 39’|Klara Bühl · 46’|Lea Schüller · 90’,,,
51,Brazil,Panama,4,0,Pia Sundhage,Nacho Quintana,13142,"Coopers Stadium, Adelaide",Group stage,2023-07-24,4–0,Cheryl Foster,"Australia, New Zealand",2023,Ary Borges · 19’|Ary Borges · 39’|Beatriz · 48’|Ary Borges · 70’,,,
52,Sweden,South Africa,2,1,Peter Gerhardsson,Desiree Ellis,18317,"Sky Stadium, Wellington",Group stage,2023-07-23,2–1,Katja Koroleva,"Australia, New Zealand",2023,Fridolina Rolfö · 65’|Amanda Ilestedt · 90’,Hildah Magaia · 48’,,
53,Netherlands,Portugal,1,0,Andries Jonker,Francisco Neto,11991,"Forsyth Barr Stadium, Dunedin",Group stage,2023-07-23,1–0,Kateryna Monzul,"Australia, New Zealand",2023,Stefanie van der Gragt · 13’,,,
54,France,Jamaica,0,0,Hervé Renard,Lorne Donaldson,39045,"Allianz Stadium, Sydney",Group stage,2023-07-23,0–0,María Carvajal,"Australia, New Zealand",2023,,,,
55,United States,Vietnam,3,0,Vlatko Andonovski,Mai Đức Chung,41107,"Eden Park, Auckland",Group stage,2023-07-22,3–0,Bouchra Karboubi,"Australia, New Zealand",2023,Sophia Smith · 14’|Sophia Smith · 45+7’|Lindsey Horan · 77’,,,
56,Zambia,Japan,0,5,Bruce Mwape,Futoshi Ikeda,16111,"FMG Stadium Waikato, Hamilton",Group stage,2023-07-22,0–5,Tess Olofsson,"Australia, New Zealand",2023,,Hinata Miyazawa · 43’|Mina Tanaka · 55’|Hinata Miyazawa · 62’|Jun Endō · 71’,,Riko Ueki (P) · 90+11’
57,England,Haiti,1,0,Sarina Wiegman,Nicolas Delépine,44369,"Suncorp Stadium, Brisbane",Group stage,2023-07-22,1–0,Emikar Calderas,"Australia, New Zealand",2023,,,Georgia Stanway (P) · 29’,
58,Denmark,China PR,1,0,Lars Søndergaard,Shui Qingxia,16989,"HBF Park, Perth",Group stage,2023-07-22,1–0,Marie-Soleil Beaudoin,"Australia, New Zealand",2023,Amalie Vangsgaard · 89’,,,
59,Nigeria,Canada,0,0,Randy Waldrum,Bev Priestman,21410,"AAMI Park, Melbourne",Group stage,2023-07-21,0–0,Lina Lehtovaara,"Australia, New Zealand",2023,,,,
60,Philippines,Switzerland,0,2,Alen Stajcic,Inka Grings,13711,"Forsyth Barr Stadium, Dunedin",Group stage,2023-07-21,0–2,Vincentia Amedome,"Australia, New Zealand",2023,,Seraina Piubel · 64’,,Ramona Bachmann (P) · 45’
61,Spain,Costa Rica,3,0,Jorge Vilda,Amelia Valverde,22966,"Sky Stadium, Wellington",Group stage,2023-07-21,3–0,Casey Reibelt,"Australia, New Zealand",2023,Aitana Bonmatí · 23’|Esther González · 27’,,,
62,New Zealand,Norway,1,0,Jitka Klimková,Hege Riise,42137,"Eden Park, Auckland",Group stage,2023-07-20,1–0,Yoshimi Yamashita,"Australia, New Zealand",2023,Hannah Wilkinson · 48’,,,
63,Australia,Republic of Ireland,1,0,Tony Gustavsson,Vera Pauw,75784,"Accor Stadium, Sydney",Group stage,2023-07-20,1–0,Edina Alves Batista,"Australia, New Zealand",2023,,,Steph Catley (P) · 52’,
64,United States,Netherlands,2,0,Jill Ellis,Sarina Wiegman,57900,"Groupama Stadium, Décines-Charpieu",Final,2019-07-07,2–0,Stéphanie Frappart,France,2019,Rose Lavelle · 69’,,Megan Rapinoe (P) · 61’,
65,England,Sweden,1,2,Phil Neville,Peter Gerhardsson,20316,"Stade de Nice, Nice",Third-place match,2019-07-06,1–2,Anastasia Pustovoitova,France,2019,Fran Kirby · 31’,Kosovare Asllani · 11’|Sofia Jakobsson · 22’,,
66,Netherlands,Sweden,1,0,Sarina Wiegman,Peter Gerhardsson,48452,"Groupama Stadium, Décines-Charpieu",Semi-finals,2019-07-03,1–0,Marie-Soleil Beaudoin,France,2019,Jackie Groenen · 99’,,,
67,England,United States,1,2,Phil Neville,Jill Ellis,53512,"Groupama Stadium, Décines-Charpieu",Semi-finals,2019-07-02,1–2,,France,2019,Ellen White · 19’,Christen Press · 10’|Alex Morgan · 31’,,
68,Italy,Netherlands,0,2,Milena Bertolini,Sarina Wiegman,22600,"Stade du Hainaut, Valenciennes",Quarter-finals,2019-06-29,0–2,Claudia Umpiérrez,France,2019,,Vivianne Miedema · 70’|Stefanie van der Gragt · 80’,,
69,Germany,Sweden,1,2,Martina Voss-Tecklenburg,Peter Gerhardsson,25301,"Roazhon Park, Rennes",Quarter-finals,2019-06-29,1–2,Stéphanie Frappart,France,2019,Lina Magull · 16’,Sofia Jakobsson · 22’|Stina Blackstenius · 48’,,
70,France,United States,1,2,Corinne Diacre,Jill Ellis,45595,"Parc des Princes, Paris",Quarter-finals,2019-06-28,1–2,Kateryna Monzul,France,2019,Wendie Renard · 81’,Megan Rapinoe · 5’|Megan Rapinoe · 65’,,
71,Norway,England,0,3,Martin Sjögren,Phil Neville,21111,"Stade Océane, Le Havre",Quarter-finals,2019-06-27,0–3,Lucila Venegas,France,2019,,Jill Scott · 3’|Ellen White · 40’|Lucy Bronze · 57’,,
72,Italy,China PR,2,0,Milena Bertolini,Jia Xiuquan,17492,"Stade de la Mosson, Montpellier",Round of 16,2019-06-25,2–0,Edina Alves Batista,France,2019,Valentina Giacinti · 15’|Aurora Galli · 49’,,,
73,Netherlands,Japan,2,1,Sarina Wiegman,Asako Takemoto,21076,"Roazhon Park, Rennes",Round of 16,2019-06-25,2–1,Melissa Borjas,France,2019,Lieke Martens · 17’,Yui Hasegawa · 43’,Lieke Martens (P) · 90’,
74,Spain,United States,1,2,Jorge Vilda,Jill Ellis,19633,"Stade Auguste-Delaune II, Reims",Round of 16,2019-06-24,1–2,Katalin Kulcsár,France,2019,Jennifer Hermoso · 9’,,,Megan Rapinoe (P) · 7’|Megan Rapinoe (P) · 76’
75,Sweden,Canada,1,0,Peter Gerhardsson,Kenneth Heiner-Møller,38078,"Parc des Princes, Paris",Round of 16,2019-06-24,1–0,Kate Jacewicz,France,2019,Stina Blackstenius · 55’,,,
76,England,Cameroon,3,0,Phil Neville,Alain Djeumfa,20148,"Stade du Hainaut, Valenciennes",Round of 16,2019-06-23,3–0,Qin Liang,France,2019,Steph Houghton · 14’|Ellen White · 45+4’|Alex Greenwood · 58’,,,
77,France,Brazil,2,1,Corinne Diacre,Vadão,0,"Stade Océane, Le Havre",Round of 16,2019-06-23,2–1,Marie-Soleil Beaudoin,France,2019,Valérie Gauvin · 52’|Amandine Henry · 106’,Thaisa · 63’,,
78,Germany,Nigeria,3,0,Martina Voss-Tecklenburg,Thomas Dennerby,17988,"Stade des Alpes, Grenoble",Round of 16,2019-06-22,3–0,Yoshimi Yamashita,France,2019,Alexandra Popp · 20’|Lea Schüller · 82’,,Sara Däbritz (P) · 27’,
79,Norway,Australia,1,1,Martin Sjögren,Ante Milicic,0,"Stade de Nice, Nice",Round of 16,2019-06-22,(4) 1–1 (1),Riem Hussein,France,2019,Isabell Herlovsen · 31’,Elise Kellond-Knight · 83’,,
80,Netherlands,Canada,2,1,Sarina Wiegman,Kenneth Heiner-Møller,19277,"Stade Auguste-Delaune II, Reims",Group stage,2019-06-20,2–1,Stéphanie Frappart,France,2019,Anouk Dekker · 54’|Lineth Beerensteyn · 75’,Christine Sinclair · 60’,,
81,Cameroon,New Zealand,2,1,Alain Djeumfa,Tom Sermanni,8009,"Stade de la Mosson, Montpellier",Group stage,2019-06-20,2–1,Kateryna Monzul,France,2019,Ajara Nchout · 57’|Ajara Nchout · 90+5’,,,
82,Sweden,United States,0,2,Peter Gerhardsson,Jill Ellis,22418,"Stade Océane, Le Havre",Group stage,2019-06-20,0–2,Anastasia Pustovoitova,France,2019,,Lindsey Horan · 3’,,
83,Thailand,Chile,0,2,Noengruthai Sratongwian,Juan Letelier,13567,"Roazhon Park, Rennes",Group stage,2019-06-20,0–2,Anna-Marie Keighley,France,2019,,María José Urrutia · 80’,,
84,Japan,England,0,2,Asako Takemoto,Phil Neville,14319,"Stade de Nice, Nice",Group stage,2019-06-19,0–2,Claudia Umpiérrez,France,2019,,Ellen White · 14’|Ellen White · 84’,,
85,Scotland,Argentina,3,3,Shelley Kerr,Carlos Borrello,28205,"Parc des Princes, Paris",Group stage,2019-06-19,3–3,Ri Hyang Ok,France,2019,Kim Little · 19’|Jennifer Beattie · 49’|Erin Cuthbert · 69’,Milagros Menéndez · 74’,,Florencia Bonsegundo (P) · 90+4’
86,Italy,Brazil,0,1,Milena Bertolini,Vadão,21669,"Stade du Hainaut, Valenciennes",Group stage,2019-06-18,0–1,Lucila Venegas,France,2019,,,,Marta (P) · 74’
87,Jamaica,Australia,1,4,Hue Menzies,Ante Milicic,17402,"Stade des Alpes, Grenoble",Group stage,2019-06-18,1–4,Katalin Kulcsár,France,2019,Havana Solaun · 49’,Sam Kerr · 11’|Sam Kerr · 42’|Sam Kerr · 69’|Sam Kerr · 83’,,
88,South Africa,Germany,0,4,Desiree Ellis,Martina Voss-Tecklenburg,15502,"Stade de la Mosson, Montpellier",Group stage,2019-06-17,0–4,Sandra Braz,France,2019,,Melanie Leupolz · 14’|Sara Däbritz · 29’|Alexandra Popp · 40’|Lina Magull · 58’,,
89,China PR,Spain,0,0,Jia Xiuquan,Jorge Vilda,11814,"Stade Océane, Le Havre",Group stage,2019-06-17,0–0,Edina Alves Batista,France,2019,,,,
90,Korea Republic,Norway,1,2,Yoon Deok-yeo,Martin Sjögren,13034,"Stade Auguste-Delaune II, Reims",Group stage,2019-06-17,1–2,Marie-Soleil Beaudoin,France,2019,Yeo Min-ji · 78’,,,Caroline Graham Hansen (P) · 5’|Isabell Herlovsen (P) · 51’
91,Nigeria,France,0,1,Thomas Dennerby,Corinne Diacre,28267,"Roazhon Park, Rennes",Group stage,2019-06-17,0–1,Melissa Borjas,France,2019,,,,Wendie Renard (P) · 79’
92,Sweden,Thailand,5,1,Peter Gerhardsson,Noengruthai Sratongwian,9354,"Stade de Nice, Nice",Group stage,2019-06-16,5–1,Salma Mukansanga,France,2019,Linda Sembrant · 6’|Kosovare Asllani · 19’|Fridolina Rolfö · 42’|Lina Hurtig · 81’,Kanjana Sungngoen · 90+1’,Elin Rubensson (P) · 90+6’,
93,United States,Chile,3,0,Jill Ellis,Juan Letelier,45594,"Parc des Princes, Paris",Group stage,2019-06-16,3–0,Riem Hussein,France,2019,Carli Lloyd · 11’|Julie Ertz · 26’|Carli Lloyd · 35’,,,
94,Netherlands,Cameroon,3,1,Sarina Wiegman,Alain Djeumfa,22423,"Stade du Hainaut, Valenciennes",Group stage,2019-06-15,3–1,Casey Reibelt,France,2019,Vivianne Miedema · 41’|Dominique Janssen · 48’|Vivianne Miedema · 85’,Gabrielle Onguene · 43’,,
95,Canada,New Zealand,2,0,Kenneth Heiner-Møller,Tom Sermanni,14856,"Stade des Alpes, Grenoble",Group stage,2019-06-15,2–0,Yoshimi Yamashita,France,2019,Jessie Fleming · 48’|Nichelle Prince · 79’,,,
96,Japan,Scotland,2,1,Asako Takemoto,Shelley Kerr,13201,"Roazhon Park, Rennes",Group stage,2019-06-14,2–1,Lidya Tafesse,France,2019,Mana Iwabuchi · 23’,Lana Clelland · 88’,Yuika Sugasawa (P) · 37’,
97,Jamaica,Italy,0,5,Hue Menzies,Milena Bertolini,12016,"Stade Auguste-Delaune II, Reims",Group stage,2019-06-14,0–5,,France,2019,,Cristiana Girelli · 25’|Cristiana Girelli · 46’|Aurora Galli · 71’|Aurora Galli · 81’,,Cristiana Girelli (P) · 12’
98,England,Argentina,1,0,Phil Neville,Carlos Borrello,20294,"Stade Océane, Le Havre",Group stage,2019-06-14,1–0,Qin Liang,France,2019,Jodie Taylor · 61’,,,
99,Australia,Brazil,3,2,Ante Milicic,Vadão,17032,"Stade de la Mosson, Montpellier",Group stage,2019-06-13,3–2,Esther Staubli,France,2019,Caitlin Foord · 45+1’|Chloe Logarzo · 58’,Cristiane · 38’,,Marta (P) · 27’
100,South Africa,China PR,0,1,Desiree Ellis,Jia Xiuquan,20011,"Parc des Princes, Paris",Group stage,2019-06-13,0–1,Katalin Kulcsár,France,2019,,Li Ying · 40’,,
101,Nigeria,Korea Republic,2,0,Thomas Dennerby,Yoon Deok-yeo,11252,"Stade des Alpes, Grenoble",Group stage,2019-06-12,2–0,Anastasia Pustovoitova,France,2019,Asisat Oshoala · 75’,,,
102,Germany,Spain,1,0,Martina Voss-Tecklenburg,Jorge Vilda,20761,"Stade du Hainaut, Valenciennes",Group stage,2019-06-12,1–0,Kateryna Monzul,France,2019,Sara Däbritz · 42’,,,
103,France,Norway,2,1,Corinne Diacre,Martin Sjögren,34872,"Stade de Nice, Nice",Group stage,2019-06-12,2–1,Bibiana Steinhaus,France,2019,Valérie Gauvin · 46’,,Eugénie Le Sommer (P) · 72’,
104,New Zealand,Netherlands,0,1,Tom Sermanni,Sarina Wiegman,10654,"Stade Océane, Le Havre",Group stage,2019-06-11,0–1,Edina Alves Batista,France,2019,,Jill Roord · 90+2’,,
105,Chile,Sweden,0,2,Juan Letelier,Peter Gerhardsson,15875,"Roazhon Park, Rennes",Group stage,2019-06-11,0–2,Lucila Venegas,France,2019,,Kosovare Asllani · 83’|Madelen Janogy · 90+4’,,
106,United States,Thailand,13,0,Jill Ellis,Noengruthai Sratongwian,18591,"Stade Auguste-Delaune II, Reims",Group stage,2019-06-11,13–0 ,Jeanne Niang,France,2019,Alex Morgan · 12’|Rose Lavelle · 20’|Lindsey Horan · 32’|Sam Mewis · 50’|Alex Morgan · 53’|Sam Mewis · 54’|Rose Lavelle · 56’|Alex Morgan · 74’|Megan Rapinoe · 79’|Alex Morgan · 81’|Mallory Swanson · 84’|Alex Morgan · 87’|Carli Lloyd · 90+2’,,,
107,Argentina,Japan,0,0,Carlos Borrello,Asako Takemoto,25055,"Parc des Princes, Paris",Group stage,2019-06-10,0–0,Stéphanie Frappart,France,2019,,,,
108,Canada,Cameroon,1,0,Kenneth Heiner-Møller,Alain Djeumfa,10710,"Stade de la Mosson, Montpellier",Group stage,2019-06-10,1–0,Ri Hyang Ok,France,2019,Kadeisha Buchanan · 45’,,,
109,Australia,Italy,1,2,Ante Milicic,Milena Bertolini,15380,"Stade du Hainaut, Valenciennes",Group stage,2019-06-09,1–2,Melissa Borjas,France,2019,Sam Kerr · 22’,Barbara Bonansea · 56’|Barbara Bonansea · 90+5’,,
110,Brazil,Jamaica,3,0,Vadão,Hue Menzies,17668,"Stade des Alpes, Grenoble",Group stage,2019-06-09,3–0,Riem Hussein,France,2019,Cristiane · 15’|Cristiane · 50’|Cristiane · 64’,,,
111,England,Scotland,2,1,Phil Neville,Shelley Kerr,13188,"Stade de Nice, Nice",Group stage,2019-06-09,2–1,Jana Adamkova,France,2019,Ellen White · 40’,Claire Emslie · 79’,Nikita Parris (P) · 14’,
112,Germany,China PR,1,0,Martina Voss-Tecklenburg,Jia Xiuquan,15283,"Roazhon Park, Rennes",Group stage,2019-06-08,1–0,Marie-Soleil Beaudoin,France,2019,Giulia Gwinn · 66’,,,
113,Spain,South Africa,3,1,Jorge Vilda,Desiree Ellis,12044,"Stade Océane, Le Havre",Group stage,2019-06-08,3–1,Maria Carvajal,France,2019,Lucía García · 89’,Thembi Kgatlana · 25’,Jennifer Hermoso (P) · 70’|Jennifer Hermoso (P) · 83’,
114,Norway,Nigeria,3,0,Martin Sjögren,Thomas Dennerby,11058,"Stade Auguste-Delaune II, Reims",Group stage,2019-06-08,3–0,Kate Jacewicz,France,2019,Guro Reiten · 17’|Lisa-Marie Karlseng Utland · 34’,,,
115,France,Korea Republic,4,0,Corinne Diacre,Yoon Deok-yeo,45261,"Parc des Princes, Paris",Group stage,2019-06-07,4–0,Claudia Umpiérrez,France,2019,Eugénie Le Sommer · 9’|Wendie Renard · 35’|Wendie Renard · 45+2’|Amandine Henry · 85’,,,
116,United States,Japan,5,2,Jill Ellis,Norio Sasaki,53341,"BC Place, Vancouver",Final,2015-07-05,5–2,Kateryna Monzul,Canada,2015,Carli Lloyd · 3’|Carli Lloyd · 5’|Lauren Holiday · 14’|Carli Lloyd · 16’|Tobin Heath · 54’,Yūki Nagasato · 27’,,
117,Germany,England,0,1,Silva Neid,Mark Sampson,21483,"Olympic Stadium, Montréal",Third-place match,2015-07-04,0–1,Ri Hyang Ok,Canada,2015,,,,Fara Williams (P) · 108’
118,Japan,England,2,1,Norio Sasaki,Mark Sampson,31467,"Commonwealth Stadium, Edmonton",Semi-finals,2015-07-01,2–1,Anna-Marie Keighley,Canada,2015,,,Aya Miyama (P) · 33’,Fara Williams (P) · 40’
119,United States,Germany,2,0,Jill Ellis,Silva Neid,51176,"Olympic Stadium, Montréal",Semi-finals,2015-06-30,2–0,Teodora Albon,Canada,2015,Kelley O'Hara · 84’,,Carli Lloyd (P) · 69’,
120,Australia,Japan,0,1,Alen Stajcic,Norio Sasaki,19814,"Commonwealth Stadium, Edmonton",Quarter-finals,2015-06-27,0–1,Kateryna Monzul,Canada,2015,,Mana Iwabuchi · 87’,,
121,England,Canada,2,1,Mark Sampson,John Herdman,54027,"BC Place, Vancouver",Quarter-finals,2015-06-27,2–1,Claudia Umpiérrez,Canada,2015,Jodie Taylor · 11’|Lucy Bronze · 14’,Christine Sinclair · 42’,,
122,Germany,France,1,1,Silva Neid,Philippe Bergeroo,24859,"Olympic Stadium, Montréal",Quarter-finals,2015-06-26,(5) 1–1 (4),Carol-Anne Chenard,Canada,2015,,Louisa Cadamuro · 64’,Célia Šašić (P) · 84’,
123,China PR,United States,0,1,Hao Wei,Jill Ellis,24141,"TD Place Stadium, Ottawa",Quarter-finals,2015-06-26,0–1,Carina Vitulano,Canada,2015,,Carli Lloyd · 51’,,
124,Japan,Netherlands,2,1,Norio Sasaki,Roger Reijners,28717,"BC Place, Vancouver",Round of 16,2015-06-23,2–1,Lucila Venegas,Canada,2015,Saori Ariyoshi · 10’|Mizuho Sakaguchi · 78’,Kirsten van de Ven · 90+2’,,
125,Norway,England,1,2,Even Pellerud,Mark Sampson,19829,"TD Place Stadium, Ottawa",Round of 16,2015-06-22,1–2,Esther Staubli,Canada,2015,Solveig Gulbrandsen · 54’,Steph Houghton · 61’|Lucy Bronze · 76’,,
126,United States,Colombia,2,0,Jill Ellis,Fabián Taborda,19412,"Commonwealth Stadium, Edmonton",Round of 16,2015-06-22,2–0,Stéphanie Frappart,Canada,2015,Alex Morgan · 53’,,Carli Lloyd (P) · 66’,
127,Brazil,Australia,0,1,Vadão,Alen Stajcic,12054,"Moncton Stadium, Moncton",Round of 16,2015-06-21,0–1,Teodora Albon,Canada,2015,,Kyah Simon · 80’,,
128,Canada,Switzerland,1,0,John Herdman,Martina Voss-Tecklenburg,53855,"BC Place, Vancouver",Round of 16,2015-06-21,1–0,Anna-Marie Keighley,Canada,2015,Josée Bélanger · 52’,,,
129,France,Korea Republic,3,0,Philippe Bergeroo,Yoon Deok-yeo,15518,"Olympic Stadium, Montréal",Round of 16,2015-06-21,3–0,Salomé Di Iorio,Canada,2015,Marie-Laure Delie · 4’|Élodie Thomis · 8’|Marie-Laure Delie · 48’,,,
130,Germany,Sweden,4,1,Silva Neid,Pia Sundhage,22486,"TD Place Stadium, Ottawa",Round of 16,2015-06-20,4–1,Ri Hyang Ok,Canada,2015,Anja Mittag · 24’|Célia Šašić · 78’|Dzsenifer Marozsán · 88’,Linda Sembrant · 82’,Célia Šašić (P) · 36’,
131,China PR,Cameroon,1,0,Chang Weiwei,Enow Ngachu,15958,"Commonwealth Stadium, Edmonton",Round of 16,2015-06-20,1–0,Bibiana Steinhaus,Canada,2015,Wang Shanshan · 12’,,,
132,Costa Rica,Brazil,0,1,Amelia Valverde,Vadão,9543,"Moncton Stadium, Moncton",Group stage,2015-06-18,0–1,Thalia Mitsi,Canada,2015,,Raquel · 83’,,
133,England,Colombia,2,1,Mark Sampson,Fabián Taborda,13862,"Olympic Stadium, Montréal",Group stage,2015-06-17,2–1,Carol-Anne Chenard,Canada,2015,Karen Carney · 15’,Lady Andrade · 90+4’,Fara Williams (P) · 38’,
134,Mexico,France,0,5,Leonardo Cuéllar,Philippe Bergeroo,21562,"TD Place Stadium, Ottawa",Group stage,2015-06-17,0–5,Sachiko Yamagishi,Canada,2015,,Marie-Laure Delie · 1’|Eugénie Le Sommer · 13’|Eugénie Le Sommer · 36’|Amandine Henry · 80’,,
135,Korea Republic,Spain,2,1,Yoon Deok-yeo,Ignacio Quereda,21562,"TD Place Stadium, Ottawa",Group stage,2015-06-17,2–1,Anna-Marie Keighley,Canada,2015,Cho So-hyun · 53’|Kim Soo-yun · 78’,Verónica Boquete · 29’,,
136,Switzerland,Cameroon,1,2,Martina Voss-Tecklenburg,Enow Ngachu,10177,"Commonwealth Stadium, Edmonton",Group stage,2015-06-16,1–2,Claudia Umpiérrez,Canada,2015,Ana-Maria Crnogorčević · 24’,Gabrielle Onguene · 47’|Madeleine Ngono Mani · 62’,,
137,Ecuador,Japan,0,1,Vanessa Arauz,Norio Sasaki,14522,"Investors Group Field, Winnipeg",Group stage,2015-06-16,0–1,Melissa Borjas,Canada,2015,,Yūki Nagasato · 5’,,
138,Nigeria,United States,0,1,Edwin Okon,Jill Ellis,52193,"BC Place, Vancouver",Group stage,2015-06-16,0–1,Kateryna Monzul,Canada,2015,,Abby Wambach · 45’,,
139,Australia,Sweden,1,1,Alen Stajcic,Pia Sundhage,10177,"Commonwealth Stadium, Edmonton",Group stage,2015-06-16,1–1,Lucila Venegas,Canada,2015,Lisa De Vanna · 5’,Sofia Jakobsson · 15’,,
140,Thailand,Germany,0,4,Noengruthai Sratongwian,Silva Neid,26191,"Investors Group Field, Winnipeg",Group stage,2015-06-15,0–4,Gladys Lengwe,Canada,2015,,Melanie Leupolz · 24’|Lena Petermann · 56’|Lena Petermann · 58’|Sara Däbritz · 73’,,
141,Côte d'Ivoire,Norway,1,3,Clémentine Touré,Even Pellerud,7147,"Moncton Stadium, Moncton",Group stage,2015-06-15,1–3,Salomé Di Iorio,Canada,2015,Ange N'Guessan · 71’,Ada Hegerberg · 6’|Ada Hegerberg · 62’|Solveig Gulbrandsen · 67’,,
142,China PR,New Zealand,2,2,Hao Wei,Tony Readings,26191,"Investors Group Field, Winnipeg",Group stage,2015-06-15,2–2,Katalin Kulcsár,Canada,2015,Wang Shanshan · 60’,Rebekah Stott · 28’|Hannah Wilkinson · 64’,Wang Lisi (P) · 41’,
143,Netherlands,Canada,1,1,Roger Reijners,John Herdman,45420,"Olympic Stadium, Montréal",Group stage,2015-06-15,1–1,Ri Hyang Ok,Canada,2015,Kirsten van de Ven · 87’,Ashley Lawrence · 10’,,
144,France,Colombia,0,2,Philippe Bergeroo,Fabián Taborda,13138,"Moncton Stadium, Moncton",Group stage,2015-06-13,0–2,Qin Liang,Canada,2015,,Lady Andrade · 19’|Catalina Usme · 90+3’,,
145,Brazil,Spain,1,0,Vadão,Ignacio Quereda,28623,"Olympic Stadium, Montréal",Group stage,2015-06-13,1–0,Carol-Anne Chenard,Canada,2015,Andressa · 44’,,,
146,England,Mexico,2,1,Mark Sampson,Leonardo Cuéllar,13138,"Moncton Stadium, Moncton",Group stage,2015-06-13,2–1,Anna-Marie Keighley,Canada,2015,Fran Kirby · 71’|Karen Carney · 82’,Fabiola Ibarra · 90+1’,,
147,Korea Republic,Costa Rica,2,2,Yoon Deok-yeo,Amelia Valverde,28623,"Olympic Stadium, Montréal",Group stage,2015-06-13,2–2,Carina Vitulano,Canada,2015,Jeon Ga-eul · 25’,Melissa Herrera · 17’|Karla Villalobos · 89’,Ji So-yun (P) · 21’,
148,Australia,Nigeria,2,0,Alen Stajcic,Edwin Okon,32716,"Investors Group Field, Winnipeg",Group stage,2015-06-12,2–0,Stéphanie Frappart,Canada,2015,Kyah Simon · 29’|Kyah Simon · 68’,,,
149,Switzerland,Ecuador,10,1,Martina Voss-Tecklenburg,Vanessa Arauz,31441,"BC Place, Vancouver",Group stage,2015-06-12,10–1 ,Rita Gani,Canada,2015,Eseosa Aigbogun · 45+2’|Fabienne Humm · 47’|Fabienne Humm · 49’|Fabienne Humm · 52’|Ramona Bachmann · 61’|Martina Moser · 76’|Ramona Bachmann · 81’,,Ramona Bachmann (P) · 60’,Angie Ponce (P) · 64’
150,Japan,Cameroon,2,1,Norio Sasaki,Enow Ngachu,31441,"BC Place, Vancouver",Group stage,2015-06-12,2–1,Pernilla Larsson,Canada,2015,Aya Sameshima · 6’|Yuika Sugasawa · 17’,Ajara Nchout · 90’,,
151,United States,Sweden,0,0,Jill Ellis,Pia Sundhage,32716,"Investors Group Field, Winnipeg",Group stage,2015-06-12,0–0,Sachiko Yamagishi,Canada,2015,,,,
152,China PR,Netherlands,1,0,Hao Wei,Roger Reijners,35544,"Commonwealth Stadium, Edmonton",Group stage,2015-06-11,1–0,Yeimy Martínez,Canada,2015,Wang Lisi · 90+1’,,,
153,Germany,Norway,1,1,Silva Neid,Even Pellerud,18967,"TD Place Stadium, Ottawa",Group stage,2015-06-11,1–1,Teodora Albon,Canada,2015,Anja Mittag · 6’,Maren Mjelde · 61’,,
154,Côte d'Ivoire,Thailand,2,3,Clémentine Touré,Noengruthai Sratongwian,18987,"TD Place Stadium, Ottawa",Group stage,2015-06-11,2–3,Margaret Domka,Canada,2015,Ange N'Guessan · 4’|Josée Nahi · 88’,Orathai Srimanee · 26’|Orathai Srimanee · 45+3’|Thanatta Chawong · 75’,,
155,Canada,New Zealand,0,0,John Herdman,Tony Readings,35544,"Commonwealth Stadium, Edmonton",Group stage,2015-06-11,0–0,Bibiana Steinhaus,Canada,2015,,,,
156,France,England,1,0,Philippe Bergeroo,Mark Sampson,11686,"Moncton Stadium, Moncton",Group stage,2015-06-09,1–0,Thalia Mitsi,Canada,2015,Eugénie Le Sommer · 29’,,,
157,Spain,Costa Rica,1,1,Ignacio Quereda,Amelia Valverde,10175,"Olympic Stadium, Montréal",Group stage,2015-06-09,1–1,Salomé Di Iorio,Canada,2015,Vicky Losada · 13’,Raquel Rodríguez · 14’,,
158,Colombia,Mexico,1,1,Fabián Taborda,Leonardo Cuéllar,11686,"Moncton Stadium, Moncton",Group stage,2015-06-09,1–1,Thérèse Neguel,Canada,2015,Daniela Montoya · 82’,Verónica Pérez · 36’,,
159,Brazil,Korea Republic,2,0,Vadão,Yoon Deok-yeo,10175,"Olympic Stadium, Montréal",Group stage,2015-06-09,2–0,Esther Staubli,Canada,2015,Formiga · 33’,,Marta (P) · 53’,
160,Sweden,Nigeria,3,3,Pia Sundhage,Edwin Okon,31148,"Investors Group Field, Winnipeg",Group stage,2015-06-08,3–3,Ri Hyang Ok,Canada,2015,Nilla Fischer · 31’|Linda Sembrant · 60’,Ngozi Okobi · 50’|Asisat Oshoala · 53’|Francisca Ordega · 87’,,
161,Cameroon,Ecuador,6,0,Enow Ngachu,Vanessa Arauz,25942,"BC Place, Vancouver",Group stage,2015-06-08,6–0,Katalin Kulcsár,Canada,2015,Madeleine Ngono Mani · 34’|Gaëlle Enganamouit · 36’|Gaëlle Enganamouit · 73’,,Christine Manie (P) · 44’|Gabrielle Onguene (P) · 79’|Gaëlle Enganamouit (P) · 90+4’,
162,United States,Australia,3,1,Jill Ellis,Alen Stajcic,31148,"Investors Group Field, Winnipeg",Group stage,2015-06-08,3–1,Claudia Umpiérrez,Canada,2015,Megan Rapinoe · 12’|Christen Press · 61’|Megan Rapinoe · 78’,Lisa De Vanna · 27’,,
163,Japan,Switzerland,1,0,Norio Sasaki,Martina Voss-Tecklenburg,25942,"BC Place, Vancouver",Group stage,2015-06-08,1–0,Lucila Venegas,Canada,2015,,,Aya Miyama (P) · 29’,
164,Norway,Thailand,4,0,Even Pellerud,Noengruthai Sratongwian,20953,"TD Place Stadium, Ottawa",Group stage,2015-06-07,4–0,Anna-Marie Keighley,Canada,2015,Trine Rønning · 15’|Isabell Herlovsen · 29’|Isabell Herlovsen · 34’|Ada Hegerberg · 68’,,,
165,Germany,Côte d'Ivoire,10,0,Silva Neid,Clémentine Touré,20953,"TD Place Stadium, Ottawa",Group stage,2015-06-07,10–0 ,Carol-Anne Chenard,Canada,2015,Célia Šašić · 3’|Célia Šašić · 14’|Anja Mittag · 29’|Célia Šašić · 31’|Anja Mittag · 35’|Anja Mittag · 64’|Simone Laudehr · 71’|Sara Däbritz · 75’|Melanie Behringer · 79’|Alexandra Popp · 85’,,,
166,Canada,China PR,1,0,John Herdman,Hao Wei,53058,"Commonwealth Stadium, Edmonton",Group stage,2015-06-06,1–0,Kateryna Monzul,Canada,2015,,,Christine Sinclair (P) · 90+2’,
167,New Zealand,Netherlands,0,1,Tony Readings,Roger Reijners,53058,"Commonwealth Stadium, Edmonton",Group stage,2015-06-06,0–1,Quetzalli Alvarado,Canada,2015,,Lieke Martens · 33’,,
168,Japan,United States,2,2,,,48817,"Commerzbank-Arena, Frankfurt am Main",Final,2011-07-17,(3) 2–2 (1),Bibiana Steinhaus,Germany,2011,Aya Miyama · 81’|Homare Sawa · 117’,Alex Morgan · 69’|Abby Wambach · 104’,,
169,Sweden,France,2,1,,,25515,"PreZero Arena, Sinsheim",Third-place match,2011-07-16,2–1,Kari Seitz,Germany,2011,Lotta Schelin · 29’|Marie Hammarström · 82’,Élodie Thomis · 56’,,
170,France,United States,1,3,,,25676,"Stadion im Borussia-Park, Mönchengladbach",Semi-finals,2011-07-13,1–3,Kirsi Heikkinen,Germany,2011,Sonia Bompastor · 55’,Lauren Holiday · 9’|Abby Wambach · 79’|Alex Morgan · 82’,,
171,Japan,Sweden,3,1,,,45434,"Commerzbank-Arena, Frankfurt am Main",Semi-finals,2011-07-13,3–1,Carol-Anne Chenard,Germany,2011,Nahomi Kawasumi · 19’|Homare Sawa · 60’|Nahomi Kawasumi · 64’,Josefine Öqvist · 10’,,
172,Sweden,Australia,3,1,,,24605,"WWK Arena, Augsburg",Quarter-finals,2011-07-10,3–1,Silvia Reyes,Germany,2011,Therese Sjögran · 11’|Lisa Dahlkvist · 16’|Lotta Schelin · 52’,Ellyse Perry · 40’,,
173,Brazil,United States,2,2,,,25598,"DDV-Stadion, Dresden",Quarter-finals,2011-07-10,(3) 2–2 (5),Jacqui Melksham,Germany,2011,Marta · 92’,Abby Wambach · 120+2’,Marta (P) · 68’,
174,England,France,1,1,,,26395,"BayArena, Leverkusen",Quarter-finals,2011-07-09,(3) 1–1 (4),Jenny Palmqvist,Germany,2011,Jill Scott · 59’,Élise Bussaglia · 88’,,
175,Germany,Japan,0,1,,,26067,"Volkswagen Arena, Wolfsburg",Quarter-finals,2011-07-09,0–1,Quetzalli Alvarado,Germany,2011,,Karina Maruyama · 108’,,
176,Australia,Norway,2,1,,,0,"BayArena, Leverkusen",Group stage,2011-07-06,2–1,Estela Alvarez,Germany,2011,Kyah Simon · 57’|Kyah Simon · 87’,Elise Thorsnes · 56’,,
177,Equatorial Guinea,Brazil,0,3,,,0,"Commerzbank-Arena, Frankfurt am Main",Group stage,2011-07-06,0–3,Bibiana Steinhaus,Germany,2011,,Érika · 49’|Cristiane · 54’,,Cristiane (P) · 90+3’
178,Korea DPR,Colombia,0,0,,,0,"Vonovia Ruhrstadion, Bochum",Group stage,2011-07-06,0–0,Christina Pedersen,Germany,2011,,,,
179,Sweden,United States,2,1,,,0,"Volkswagen Arena, Wolfsburg",Group stage,2011-07-06,2–1,Etsuko Fukano,Germany,2011,,Abby Wambach · 67’,Lisa Dahlkvist (P) · 16’,
180,England,Japan,2,0,,,0,"WWK Arena, Augsburg",Group stage,2011-07-05,2–0,Carol-Anne Chenard,Germany,2011,Ellen White · 15’|Rachel Yankey · 66’,,,
181,New Zealand,Mexico,2,2,,,0,"PreZero Arena, Sinsheim",Group stage,2011-07-05,2–2,Jenny Palmqvist,Germany,2011,Rebecca Smith · 90’|Hannah Wilkinson · 90+4’,Stephany Mayor · 2’|Maribel Domínguez · 29’,,
182,France,Germany,2,4,,,0,"Stadion im Borussia-Park, Mönchengladbach",Group stage,2011-07-05,2–4,Kirsi Heikkinen,Germany,2011,Marie-Laure Delie · 56’|Laura Georges · 72’,Kerstin Garefrekes · 25’|Inka Grings · 32’|Célia Šašić · 89’,,Inka Grings (P) · 68’
183,Canada,Nigeria,0,1,,,0,"DDV-Stadion, Dresden",Group stage,2011-07-05,0–1,Finau Vulivuli,Germany,2011,,Perpetua Nkwocha · 73’,,
184,Australia,Equatorial Guinea,3,2,,,0,"Vonovia Ruhrstadion, Bochum",Group stage,2011-07-03,3–2,Gyöngyi Gaál,Germany,2011,Leena Khamis · 8’|Emily van Egmond · 48’|Lisa De Vanna · 51’,Genoveva Añonma · 21’|Genoveva Añonma · 83’,,
185,Brazil,Norway,3,0,,,0,"Volkswagen Arena, Wolfsburg",Group stage,2011-07-03,3–0,Kari Seitz,Germany,2011,Marta · 22’|Rosana · 46’|Marta · 48’,,,
186,Korea DPR,Sweden,0,1,,,0,"WWK Arena, Augsburg",Group stage,2011-07-02,0–1,Estela Alvarez,Germany,2011,,Lisa Dahlkvist · 64’,,
187,United States,Colombia,3,0,,,0,"PreZero Arena, Sinsheim",Group stage,2011-07-02,3–0,,Germany,2011,Heather O'Reilly · 12’|Megan Rapinoe · 50’|Carli Lloyd · 57’,,,
188,Japan,Mexico,4,0,,,0,"BayArena, Leverkusen",Group stage,2011-07-01,4–0,Christina Pedersen,Germany,2011,Homare Sawa · 13’|Shinobu Ohno · 15’|Homare Sawa · 39’|Homare Sawa · 80’,,,
189,New Zealand,England,1,2,,,0,"DDV-Stadion, Dresden",Group stage,2011-07-01,1–2,Thérèse Neguel,Germany,2011,Sarah Gregorius · 18’,Jill Scott · 63’|Jessica Clarke · 81’,,
190,Canada,France,0,4,,,0,"Vonovia Ruhrstadion, Bochum",Group stage,2011-06-30,0–4,Etsuko Fukano,Germany,2011,,Gaëtane Thiney · 24’|Gaëtane Thiney · 60’|Camille Abily · 66’|Élodie Thomis · 83’,,
191,Germany,Nigeria,1,0,,,0,"Commerzbank-Arena, Frankfurt am Main",Group stage,2011-06-30,1–0,Sung Mi Cha,Germany,2011,Simone Laudehr · 54’,,,
192,Norway,Equatorial Guinea,1,0,,,0,"WWK Arena, Augsburg",Group stage,2011-06-29,1–0,Quetzalli Alvarado,Germany,2011,Emilie Haavi · 84’,,,
193,Brazil,Australia,1,0,,,0,"Stadion im Borussia-Park, Mönchengladbach",Group stage,2011-06-29,1–0,Jenny Palmqvist,Germany,2011,Rosana · 54’,,,
194,Colombia,Sweden,0,1,,,0,"BayArena, Leverkusen",Group stage,2011-06-28,0–1,Carol-Anne Chenard,Germany,2011,,Jessica Landström · 57’,,
195,United States,Korea DPR,2,0,,,0,"DDV-Stadion, Dresden",Group stage,2011-06-28,2–0,Bibiana Steinhaus,Germany,2011,Lauren Holiday · 54’|Rachel Van Hollebeke · 76’,,,
196,Japan,New Zealand,2,1,,,0,"Vonovia Ruhrstadion, Bochum",Group stage,2011-06-27,2–1,Kirsi Heikkinen,Germany,2011,Yūki Nagasato · 6’|Aya Miyama · 68’,Amber Hearn · 12’,,
197,Mexico,England,1,1,,,0,"Volkswagen Arena, Wolfsburg",Group stage,2011-06-27,1–1,Silvia Reyes,Germany,2011,Mónica Ocampo · 33’,Fara Williams · 21’,,
198,Nigeria,France,0,1,,,0,"PreZero Arena, Sinsheim",Group stage,2011-06-26,0–1,Kari Seitz,Germany,2011,,Marie-Laure Delie · 56’,,
199,Germany,Canada,2,1,,,73680,"Olympiastadion Berlin, Berlin",Group stage,2011-06-26,2–1,Jacqui Melksham,Germany,2011,Kerstin Garefrekes · 10’|Célia Šašić · 42’,Christine Sinclair · 82’,,
200,Norway,United States,1,4,,,32068,"Hongkou Stadium, Shanghai",Third-place match,2007-09-30,1–4,Gyöngyi Gaál,China PR,2007,Ragnhild Gulbrandsen · 63’,Abby Wambach · 30’|Abby Wambach · 46’|Lori Chalupny · 58’|Heather O'Reilly · 59’,,
201,Germany,Brazil,2,0,,,31000,"Hongkou Stadium, Shanghai",Final,2007-09-30,2–0,Tammy Ogston,China PR,2007,Birgit Prinz · 52’|Simone Laudehr · 86’,,,
202,United States,Brazil,0,4,,,47818,"Yellow Dragon Stadium, Hangzhou",Semi-finals,2007-09-27,0–4,Nicole Petignat,China PR,2007,,Marta · 27’|Cristiane · 56’|Marta · 79’,,
203,Germany,Norway,3,0,,,53819,"Tianjin Olympic Centre Stadium, Tianjin",Semi-finals,2007-09-26,3–0,,China PR,2007,Kerstin Stegemann · 72’|Martina Müller · 75’,,,
204,Norway,China PR,1,0,,,52000,"Wuhan Stadium, Wuhan",Quarter-finals,2007-09-23,1–0,Gyöngyi Gaál,China PR,2007,Isabell Herlovsen · 32’,,,
205,Brazil,Australia,3,2,,,35061,"Tianjin Olympic Centre Stadium, Tianjin",Quarter-finals,2007-09-23,3–2,Christine Baitinger,China PR,2007,Formiga · 4’|Cristiane · 75’,Lisa De Vanna · 36’|Lauren Colthorpe · 68’,Marta (P) · 23’,
206,Germany,Korea DPR,3,0,,,37200,"Wuhan Stadium, Wuhan",Quarter-finals,2007-09-22,3–0,Tammy Ogston,China PR,2007,Kerstin Garefrekes · 44’|Renate Lingor · 67’|Annike Krahn · 72’,,,
207,United States,England,3,0,,,29586,"Tianjin Olympic Centre Stadium, Tianjin",Quarter-finals,2007-09-22,3–0,Jenny Palmqvist,China PR,2007,Abby Wambach · 48’|Shannon Boxx · 57’|Kristine Lilly · 60’,,,
208,Norway,Ghana,7,2,,,43817,"Yellow Dragon Stadium, Hangzhou",Group stage,2007-09-20,7–2,Jennifer Bennett,China PR,2007,Lene Storløkken · 4’|Ragnhild Gulbrandsen · 39’|Isabell Herlovsen · 56’|Ragnhild Gulbrandsen · 59’|Ragnhild Gulbrandsen · 62’|Lise Klaveness · 69’,Adjoa Bayor · 73’,Ane Stangeland Horpestad (P) · 45’,Florence Okoe (P) · 80’
209,Australia,Canada,2,2,,,29300,"Chengdu Sports Center, Chengdu",Group stage,2007-09-20,2–2,Gyöngyi Gaál,China PR,2007,Collette McCallum · 53’|Cheryl Salisbury · 90+2’,Melissa Tancredi · 1’|Christine Sinclair · 85’,,
210,Brazil,Denmark,1,0,,,43817,"Yellow Dragon Stadium, Hangzhou",Group stage,2007-09-20,1–0,Kari Seitz,China PR,2007,Pretinha · 90+1’,,,
211,China PR,New Zealand,2,0,,,56208,"Tianjin Olympic Centre Stadium, Tianjin",Group stage,2007-09-20,2–0,,China PR,2007,Li Jie · 57’|Xie Caixia · 79’,,,
212,Korea DPR,Sweden,1,2,,,33196,"Tianjin Olympic Centre Stadium, Tianjin",Group stage,2007-09-18,1–2,Christine Baitinger,China PR,2007,Ri Un-suk · 22’,Lotta Schelin · 4’|Lotta Schelin · 54’,,
213,Nigeria,United States,0,1,,,26100,"Hongkou Stadium, Shanghai",Group stage,2007-09-18,0–1,Mayumi Oiwa,China PR,2007,,Lori Chalupny · 1’,,
214,Japan,Germany,0,2,,,39817,"Yellow Dragon Stadium, Hangzhou",Group stage,2007-09-17,0–2,Adriana Correa,China PR,2007,,Birgit Prinz · 21’,,Renate Lingor (P) · 87’
215,Argentina,England,1,6,,,30730,"Chengdu Sports Center, Chengdu",Group stage,2007-09-17,1–6,Dianne Ferreira-James,China PR,2007,Eva Nadia González · 60’,Jill Scott · 10’|Kelly Smith · 64’|Kelly Smith · 77’,,Fara Williams (P) · 50’|Vicky Exley (P) · 90’
216,Canada,Ghana,4,0,,,33835,"Yellow Dragon Stadium, Hangzhou",Group stage,2007-09-15,4–0,Nicole Petignat,China PR,2007,Christine Sinclair · 16’|Sophie Schmidt · 55’|Christine Sinclair · 62’|Martina Franko · 77’,,,
217,Denmark,New Zealand,2,0,,,54000,"Wuhan Stadium, Wuhan",Group stage,2007-09-15,2–0,Mayumi Oiwa,China PR,2007,Katrine Pedersen · 61’|Cathrine Paaske-Sørensen · 66’,,,
218,China PR,Brazil,0,4,,,54000,"Wuhan Stadium, Wuhan",Group stage,2007-09-15,0–4,Jennifer Bennett,China PR,2007,,Marta · 42’|Cristiane · 47’|Cristiane · 48’|Marta · 70’,,
219,Norway,Australia,1,1,,,33835,"Yellow Dragon Stadium, Hangzhou",Group stage,2007-09-15,1–1,Huijun Niu,China PR,2007,Ragnhild Gulbrandsen · 5’,Lisa De Vanna · 83’,,
220,United States,Sweden,2,0,,,35600,"Chengdu Sports Center, Chengdu",Group stage,2007-09-14,2–0,Gyöngyi Gaál,China PR,2007,Abby Wambach · 58’,,Abby Wambach (P) · 34’,
221,Argentina,Japan,0,1,,,27730,"Hongkou Stadium, Shanghai",Group stage,2007-09-14,0–1,,China PR,2007,,Yūki Nagasato · 90+1’,,
222,Germany,England,0,0,,,27730,"Hongkou Stadium, Shanghai",Group stage,2007-09-14,0–0,Jenny Palmqvist,China PR,2007,,,,
223,Korea DPR,Nigeria,2,0,,,35600,"Chengdu Sports Center, Chengdu",Group stage,2007-09-14,2–0,Tammy Ogston,China PR,2007,Kim Kyong-hwa · 17’|Ri Kum-suk · 21’,,,
224,Brazil,New Zealand,5,0,,,33500,"Wuhan Stadium, Wuhan",Group stage,2007-09-12,5–0,Pannipar Kamnueng,China PR,2007,Daniela Alves Lima · 10’|Cristiane · 54’|Marta · 74’|Kóki · 86’|Marta · 90+3’,,,
225,Australia,Ghana,4,1,,,25952,"Yellow Dragon Stadium, Hangzhou",Group stage,2007-09-12,4–1,Adriana Correa,China PR,2007,Sarah Walsh · 15’|Lisa De Vanna · 57’|Heather Garriock · 69’|Lisa De Vanna · 81’,Anita Amankwa · 70’,,
226,Norway,Canada,2,1,,,30752,"Yellow Dragon Stadium, Hangzhou",Group stage,2007-09-12,2–1,Christine Baitinger,China PR,2007,Ragnhild Gulbrandsen · 52’|Ane Stangeland Horpestad · 81’,Candace Chapman · 33’,,
227,China PR,Denmark,3,2,,,50800,"Wuhan Stadium, Wuhan",Group stage,2007-09-12,3–2,Dianne Ferreira-James,China PR,2007,Li Jie · 31’|Bi Yan · 50’|Song Xiaoli · 88’,Anne Dot Eggers Nielsen · 51’|Cathrine Paaske-Sørensen · 87’,,
228,United States,Korea DPR,2,2,,,35100,"Chengdu Sports Center, Chengdu",Group stage,2007-09-11,2–2,Nicole Petignat,China PR,2007,Abby Wambach · 50’|Heather O'Reilly · 69’,Kil Son-hui · 58’|Kim Yong-ae · 62’,,
229,England,Japan,2,2,,,27146,"Hongkou Stadium, Shanghai",Group stage,2007-09-11,2–2,Kari Seitz,China PR,2007,Kelly Smith · 81’|Kelly Smith · 83’,Aya Miyama · 55’|Aya Miyama · 90+5’,,
230,Sweden,Nigeria,1,1,,,21740,"Chengdu Sports Center, Chengdu",Group stage,2007-09-11,1–1,Huijun Niu,China PR,2007,Victoria Sandell Svensson · 50’,Cynthia Uwak · 82’,,
231,Germany,Argentina,11,0,,,28098,"Hongkou Stadium, Shanghai",Group stage,2007-09-10,11–0 ,Tammy Ogston,China PR,2007,Melanie Behringer · 12’|Kerstin Garefrekes · 17’|Melanie Behringer · 24’|Birgit Prinz · 29’|Birgit Prinz · 45+1’|Renate Lingor · 51’|Sandra Smisek · 57’|Birgit Prinz · 59’|Sandra Smisek · 70’|Sandra Smisek · 79’|Renate Lingor · 90+1’,,,
232,Germany,Sweden,1,1,,,26137,"The Home Depot Center, Carson",Final,2003-10-12,1–1,Cristina Babadac,United States,2003,Maren Meinert · 46’|Nia Künzer · 98’,Hanna Ljungberg · 41’,,
233,United States,Canada,3,1,,,25253,"The Home Depot Center, Carson",Third-place match,2003-10-11,3–1,Tammy Ogston,United States,2003,Kristine Lilly · 22’|Shannon Boxx · 51’|Tiffeny Milbrett · 80’,Christine Sinclair · 38’,,
234,Germany,United States,3,0,,,27623,"PGE Park, Portland",Semi-finals,2003-10-05,3–0,Sonia Denoncourt,United States,2003,Kerstin Garefrekes · 15’|Maren Meinert · 90+1’|Birgit Prinz · 90+3’,,,
235,Canada,Sweden,1,2,,,27623,"PGE Park, Portland",Semi-finals,2003-10-05,1–2,Katriina Elovirta,United States,2003,Kara Lang · 64’,Malin Moström · 79’|Josefine Öqvist · 86’,,
236,Germany,Russia,7,0,,,20021,"PGE Park, Portland",Quarter-finals,2003-10-02,7–0,Im Eun-ju,United States,2003,Martina Müller · 25’|Sandra Minnert · 57’|Pia Wunderlich · 60’|Kerstin Garefrekes · 62’|Birgit Prinz · 80’|Kerstin Garefrekes · 85’|Birgit Prinz · 89’,Elena Danilova · 70’,,
237,China PR,Canada,0,1,,,20021,"PGE Park, Portland",Quarter-finals,2003-10-02,0–1,Kari Seitz,United States,2003,,Charmaine Hooper · 7’,,
238,Brazil,Sweden,1,2,,,25103,"Gillette Stadium, Foxborough",Quarter-finals,2003-10-01,1–2,Dongqing Zhang,United States,2003,,Victoria Sandell Svensson · 23’|Malin Andersson · 53’,Marta (P) · 44’,
239,United States,Norway,1,0,,,25103,"Gillette Stadium, Foxborough",Quarter-finals,2003-10-01,1–0,Nicole Petignat,United States,2003,Abby Wambach · 24’,,,
240,Sweden,Nigeria,3,0,,,22828,"Columbus Crew Stadium, Columbus",Group stage,2003-09-28,3–0,Sonia Denoncourt,United States,2003,Hanna Ljungberg · 56’|Hanna Ljungberg · 79’|Malin Moström · 81’,,,
241,Korea DPR,United States,0,3,,,22828,"Columbus Crew Stadium, Columbus",Group stage,2003-09-28,0–3,Sueli Tortura,United States,2003,,Cat Whitehill · 48’|Cat Whitehill · 66’,,Abby Wambach (P) · 17’
242,Ghana,Australia,2,1,,,19132,"PGE Park, Portland",Group stage,2003-09-28,2–1,Xonam Agboyi,United States,2003,Alberta Sackey · 34’|Alberta Sackey · 39’,Heather Garriock · 61’,,
243,China PR,Russia,1,0,,,19132,"PGE Park, Portland",Group stage,2003-09-28,1–0,Florencia Romano,United States,2003,Bai Jie · 16’,,,
244,France,Brazil,1,1,,,17618,"Robert F. Kennedy Memorial Stadium, Washington",Group stage,2003-09-27,1–1,Cristina Babadac,United States,2003,Marinette Pichon · 90+2’,Kátia · 58’,,
245,Korea Republic,Norway,1,7,,,14356,"Gillette Stadium, Foxborough",Group stage,2003-09-27,1–7,Tammy Ogston,United States,2003,Kim Jin-hee · 75’,Solveig Gulbrandsen · 5’|Dagny Mellgren · 24’|Dagny Mellgren · 31’|Marianne Pettersen · 40’|Brit Sandaune · 52’|Linda Ørmen · 80’|Linda Ørmen · 90’,,
246,Canada,Japan,3,1,,,14356,"Gillette Stadium, Foxborough",Group stage,2003-09-27,3–1,Im Eun-ju,United States,2003,Christine Latham · 36’|Christine Sinclair · 49’|Kara Lang · 72’,Homare Sawa · 20’,,
247,Argentina,Germany,1,6,,,17618,"Robert F. Kennedy Memorial Stadium, Washington",Group stage,2003-09-27,1–6,Bola Abidoye,United States,2003,Yanina Gaitán · 71’,Maren Meinert · 3’|Birgit Prinz · 32’|Maren Meinert · 43’|Conny Pohlers · 89’|Martina Müller · 90+2’,,Bettina Wiegmann (P) · 24’
248,Ghana,Russia,0,3,,,13929,"The Home Depot Center, Carson",Group stage,2003-09-25,0–3,Kari Seitz,United States,2003,,Marina Saenko · 36’|Natalia Barbashina · 54’|Olga Letyushova · 80’,,
249,Sweden,Korea DPR,1,0,,,31553,"Lincoln Financial Field, Philadelphia",Group stage,2003-09-25,1–0,Tammy Ogston,United States,2003,Victoria Sandell Svensson · 7’,,,
250,United States,Nigeria,5,0,,,31553,"Lincoln Financial Field, Philadelphia",Group stage,2003-09-25,5–0,Florencia Romano,United States,2003,Mia Hamm · 12’|Cindy Parlow Cone · 47’|Abby Wambach · 65’,,Mia Hamm (P) · 6’|Julie Foudy (P) · 89’,
251,China PR,Australia,1,1,,,13929,"The Home Depot Center, Carson",Group stage,2003-09-25,1–1,Katriina Elovirta,United States,2003,Bai Jie · 46’,Heather Garriock · 28’,,
252,Norway,Brazil,1,4,,,15490,"Robert F. Kennedy Memorial Stadium, Washington",Group stage,2003-09-24,1–4,Xonam Agboyi,United States,2003,Marianne Pettersen · 45’,Daniela Alves Lima · 26’|Rosana · 37’|Marta · 59’|Kátia · 68’,,
253,Germany,Japan,3,0,,,15490,"Columbus Crew Stadium, Columbus",Group stage,2003-09-24,3–0,Sueli Tortura,United States,2003,Sandra Minnert · 23’|Birgit Prinz · 36’|Birgit Prinz · 66’,,,
254,France,Korea Republic,1,0,,,16316,"Robert F. Kennedy Memorial Stadium, Washington",Group stage,2003-09-24,1–0,Dongqing Zhang,United States,2003,Marinette Pichon · 84’,,,
255,Canada,Argentina,3,0,,,15529,"Columbus Crew Stadium, Columbus",Group stage,2003-09-24,3–0,Nicole Petignat,United States,2003,Christine Latham · 79’|Christine Latham · 82’,,Charmaine Hooper (P) · 19’,
256,United States,Sweden,3,1,,,35000,"Robert F. Kennedy Memorial Stadium, Washington",Group stage,2003-09-21,3–1,Dongqing Zhang,United States,2003,Kristine Lilly · 27’|Cindy Parlow Cone · 36’|Shannon Boxx · 78’,Victoria Sandell Svensson · 58’,,
257,Brazil,Korea Republic,3,0,,,34144,"Robert F. Kennedy Memorial Stadium, Washington",Group stage,2003-09-21,3–0,Tammy Ogston,United States,2003,Kátia · 55’|Kátia · 62’,,Marta (P) · 14’,
258,Australia,Russia,1,2,,,8500,"The Home Depot Center, Carson",Group stage,2003-09-21,1–2,Bola Abidoye,United States,2003,Kelly Golebiowski · 38’,Elena Fomina · 89’,,
259,China PR,Ghana,1,0,,,10027,"The Home Depot Center, Carson",Group stage,2003-09-21,1–0,Sonia Denoncourt,United States,2003,Sun Wen · 29’,,,
260,Norway,France,2,0,,,13486,"Lincoln Financial Field, Philadelphia",Group stage,2003-09-20,2–0,Kari Seitz,United States,2003,Anita Rapp · 47’|Dagny Mellgren · 66’,,,
261,Nigeria,Korea DPR,0,3,,,24347,"Lincoln Financial Field, Philadelphia",Group stage,2003-09-20,0–3,Nicole Petignat,United States,2003,,Jin Pyol-hui · 13’|Ri Un-gyong · 73’|Jin Pyol-hui · 88’,,
262,Germany,Canada,4,1,,,16340,"Columbus Crew Stadium, Columbus",Group stage,2003-09-20,4–1,Im Eun-ju,United States,2003,Stefanie Gottschlich · 47’|Birgit Prinz · 75’|Kerstin Garefrekes · 90+2’,Christine Sinclair · 4’,Bettina Wiegmann (P) · 39’,
263,Japan,Argentina,6,0,,,16404,"Columbus Crew Stadium, Columbus",Group stage,2003-09-20,6–0,Katriina Elovirta,United States,2003,Homare Sawa · 13’|Homare Sawa · 38’|Emi Yamamoto · 64’|Mio Otani · 72’|Mio Otani · 75’|Mio Otani · 80’,,,
264,Norway,Brazil,0,0,,,90185,"Rose Bowl, Pasadena",Third-place match,1999-07-10,(4) 0–0 (5),Im Eun-ju,United States,1999,,,,
265,United States,China PR,0,0,,,90185,"Rose Bowl, Pasadena",Final,1999-07-10,(5) 0–0 (4),Nicole Petignat,United States,1999,,,,
266,United States,Brazil,2,0,,,73123,"Stanford Stadium, Stanford",Semi-finals,1999-07-04,2–0,Katriina Elovirta,United States,1999,Cindy Parlow Cone · 5’,,Michelle Akers (P) · 80’,
267,Norway,China PR,0,4,,,28986,"Foxboro Stadium, Foxborough",Semi-finals,1999-07-04,0–4,Sonia Denoncourt,United States,1999,,Sun Wen · 3’|Liu Ailing · 14’|Liu Ailing · 51’|Fan Yunjie · 65’,,Sun Wen (P) · 72’
268,United States,Germany,3,2,,,54642,"Jack Kent Cooke Stadium, Landover",Quarter-finals,1999-07-01,3–2,Martha Toro,United States,1999,Tiffeny Milbrett · 16’|Brandi Chastain · 49’|Joy Fawcett · 66’,Bettina Wiegmann · 45+1’,,
269,Brazil,Nigeria,4,3,,,54642,"Jack Kent Cooke Stadium, Landover",Quarter-finals,1999-07-01,4–3,Virginia Tovar,United States,1999,Cidinha · 4’|Cidinha · 22’|Nenê · 35’|Sissi · 104’,Prisca Emeafu · 63’|Nkiru Okosieme · 72’|Nkechi Egbe · 85’,,
270,China PR,Russia,2,0,,,21411,"Spartan Stadium, San Jose",Quarter-finals,1999-06-30,2–0,Nicole Petignat,United States,1999,Pu Wei · 37’|Jin Yan · 56’,,,
271,Norway,Sweden,3,1,,,21411,"Spartan Stadium, San Jose",Quarter-finals,1999-06-30,3–1,Im Eun-ju,United States,1999,Ann Kristin Aarønes · 51’|Marianne Pettersen · 58’,Malin Moström · 90+1’,Hege Riise (P) · 72’,
272,Germany,Brazil,3,3,,,22109,"Jack Kent Cooke Stadium, Landover",Group stage,1999-06-27,3–3,Im Eun-ju,United States,1999,Birgit Prinz · 8’|Steffi Jones · 58’,Kátia · 15’|Sissi · 20’|Maycon · 90+4’,Bettina Wiegmann (P) · 46’,
273,Nigeria,Denmark,2,0,,,22109,"Jack Kent Cooke Stadium, Landover",Group stage,1999-06-27,2–0,Maria Siqueira,United States,1999,Mercy Akide · 25’|Nkiru Okosieme · 81’,,,
274,Mexico,Italy,0,2,,,50484,"Foxboro Stadium, Foxborough",Group stage,1999-06-27,0–2,Bola Abidoye,United States,1999,,Patrizia Panico · 37’|Paola Zanni · 51’,,
275,United States,Korea DPR,3,0,,,50484,"Foxboro Stadium, Foxborough",Group stage,1999-06-27,3–0,Katriina Elovirta,United States,1999,Shannon MacMillan · 56’|Tisha Venturini · 68’|Tisha Venturini · 76’,,,
276,Canada,Russia,1,4,,,29401,"Giants Stadium, East Rutherford",Group stage,1999-06-26,1–4,Xiudi Zuo,United States,1999,Charmaine Hooper · 76’,"Irina Grigorieva · 54’|Elena Fomina · 66’|Elena Fomina · 86’|Карасёва, Ольга Валентиновна · 90+1’",,
277,China PR,Australia,3,1,,,29401,"Giants Stadium, East Rutherford",Group stage,1999-06-26,3–1,Sandra Hunt,United States,1999,Sun Wen · 39’|Sun Wen · 51’|Liu Ying · 73’,Cheryl Salisbury · 66’,,
278,Ghana,Sweden,0,2,,,34256,"Soldier Field, Chicago",Group stage,1999-06-26,0–2,Sonia Denoncourt,United States,1999,,Victoria Sandell Svensson · 58’|Victoria Sandell Svensson · 86’,,
279,Norway,Japan,4,0,,,34256,"Soldier Field, Chicago",Group stage,1999-06-26,4–0,Marisela Contreras,United States,1999,Ann Kristin Aarønes · 36’|Dagny Mellgren · 61’,,Hege Riise (P) · 8’,
280,Brazil,Italy,2,0,,,65080,"Soldier Field, Chicago",Group stage,1999-06-24,2–0,Gitte Nielsen,United States,1999,Sissi · 3’|Sissi · 63’,,,
281,Korea DPR,Denmark,3,1,,,20129,"Civic Stadium, Portland",Group stage,1999-06-24,3–1,Martha Toro,United States,1999,Jin Pyol-hui · 15’|Jo Song-ok · 39’|Kim Kum-sil · 73’,Janni Johansen · 74’,,
282,United States,Nigeria,7,1,,,65080,"Soldier Field, Chicago",Group stage,1999-06-24,7–1,Nicole Petignat,United States,1999,Mia Hamm · 20’|Tiffeny Milbrett · 23’|Kristine Lilly · 32’|Michelle Akers · 39’|Cindy Parlow Cone · 42’|Tiffeny Milbrett · 83’,Nkiru Okosieme · 2’,,
283,Germany,Mexico,6,0,,,20129,"Civic Stadium, Portland",Group stage,1999-06-24,6–0,Im Eun-ju,United States,1999,Inka Grings · 10’|Sandra Smisek · 45+1’|Ariane Hingst · 49’|Inka Grings · 57’|Renate Lingor · 89’|Inka Grings · 90+2’,,,
284,Norway,Canada,7,1,,,16448,"Jack Kent Cooke Stadium, Landover",Group stage,1999-06-23,7–1,Tammy Ogston,United States,1999,Ann Kristin Aarønes · 8’|Ann Kristin Aarønes · 36’|Unni Lehn · 49’|Hege Riise · 54’|Linda Medalen · 68’|Marianne Pettersen · 76’|Solveig Gulbrandsen · 87’,Charmaine Hooper · 31’,,
285,Japan,Russia,0,5,,,17668,"Civic Stadium, Portland",Group stage,1999-06-23,0–5,Sandra Hunt,United States,1999,,Larisa Savina · 29’|Olga Letyushova · 52’|Natalia Karasseva · 58’|Natalia Barbashina · 80’|Olga Letyushova · 90’,,
286,China PR,Ghana,7,0,,,17668,"Civic Stadium, Portland",Group stage,1999-06-23,7–0,Elke Guenthner,United States,1999,Sun Wen · 9’|Jin Yan · 16’|Sun Wen · 21’|Sun Wen · 54’|Zhang Ouying · 82’|Zhang Ouying · 90+1’|Zhao Lihong · 90+2’,,,
287,Australia,Sweden,1,3,,,16448,"Jack Kent Cooke Stadium, Landover",Group stage,1999-06-23,1–3,Fatou Gaye,United States,1999,Julie Murray · 32’,Jane Törnqvist · 8’|Hanna Ljungberg · 21’|Hanna Ljungberg · 69’,,
288,Italy,Germany,1,1,,,17100,"Rose Bowl, Pasadena",Group stage,1999-06-20,1–1,Bola Abidoye,United States,1999,Patrizia Panico · 36’,,,Bettina Wiegmann (P) · 61’
289,Russia,Norway,1,2,,,14873,"Foxboro Stadium, Foxborough",Group stage,1999-06-20,1–2,Xiudi Zuo,United States,1999,Galina Komarova · 78’,Brit Sandaune · 28’|Marianne Pettersen · 68’,,
290,Australia,Ghana,1,1,,,14867,"Foxboro Stadium, Foxborough",Group stage,1999-06-20,1–1,Kari Seitz,United States,1999,Julie Murray · 74’,Nana Gyamfuah · 76’,,
291,Korea DPR,Nigeria,1,2,,,17100,"Rose Bowl, Pasadena",Group stage,1999-06-20,1–2,Katriina Elovirta,United States,1999,Jo Song-ok · 74’,Mercy Akide · 50’|Rita Nwadike · 79’,,
292,Denmark,United States,0,3,,,78972,"Giants Stadium, East Rutherford",Group stage,1999-06-19,0–3,Sonia Denoncourt,United States,1999,,Mia Hamm · 17’|Julie Foudy · 73’|Kristine Lilly · 89’,,
293,Brazil,Mexico,7,1,,,78972,"Giants Stadium, East Rutherford",Group stage,1999-06-19,7–1,Nicole Petignat,United States,1999,Pretinha · 3’|Pretinha · 12’|Sissi · 29’|Sissi · 42’|Sissi · 50’|Pretinha · 90+1’,Maribel Domínguez · 10’,Kátia (P) · 35’,
294,Sweden,China PR,1,2,,,23298,"Spartan Stadium, San Jose",Group stage,1999-06-19,1–2,Virginia Tovar,United States,1999,Kristin Bengtsson · 2’,Jin Yan · 17’|Liu Ailing · 69’,,
295,Japan,Canada,1,1,,,23298,"Spartan Stadium, San Jose",Group stage,1999-06-19,1–1,Maria Siqueira,United States,1999,Nami Otake · 64’,Silvana Burtini · 32’,,
296,Germany,Norway,0,2,,,17158,"Rasunda Stadium, Solna",Final,1995-06-18,0–2,Ingrid Jonsson,Sweden,1995,,Hege Riise · 37’|Marianne Pettersen · 40’,,
297,China PR,United States,0,2,,,4335,"Stromvallen, Gavle",Third-place match,1995-06-17,0–2,Sonia Denoncourt,Sweden,1995,,Tisha Venturini · 24’|Mia Hamm · 55’,,
298,United States,Norway,0,1,,,2893,"Arosvallen, Vasteras",Semi-finals,1995-06-15,0–1,Alain Hamer,Sweden,1995,,Ann Kristin Aarønes · 10’,,
299,Germany,China PR,1,0,,,3693,"Olympia Stadion, Helsingborg",Semi-finals,1995-06-15,1–0,Petros Mathabela,Sweden,1995,Bettina Wiegmann · 88’,,,
300,United States,Japan,4,0,,,3756,"Stromvallen, Gavle",Quarter-finals,1995-06-13,4–0,Eduardo Gamboa Martinez,Sweden,1995,Kristine Lilly · 8’|Kristine Lilly · 42’|Tiffeny Milbrett · 45’|Tisha Venturini · 80’,,,
301,Norway,Denmark,3,1,,,4655,"Tingvallen, Karlstad",Quarter-finals,1995-06-13,3–1,Pirom Anprasert,Sweden,1995,Gro Espeseth · 21’|Linda Medalen · 64’|Hege Riise · 85’,Gitte Krogh · 86’,,
302,Germany,England,3,0,,,2317,"Arosvallen, Vasteras",Quarter-finals,1995-06-13,3–0,Bente Skogvang,Sweden,1995,Martina Voss-Tecklenburg · 41’|Maren Meinert · 55’|Heidi Mohr · 82’,,,
303,Sweden,China PR,1,1,,,7537,"Olympia Stadion, Helsingborg",Quarter-finals,1995-06-13,(3) 1–1 (4),Sonia Denoncourt,Sweden,1995,Ulrika Kalte · 90+3’,Sun Qingmei · 29’,,
304,Norway,Canada,7,0,,,2715,"Stromvallen, Gavle",Group stage,1995-06-10,7–0,Maria Siqueira,Sweden,1995,Ann Kristin Aarønes · 4’|Hege Riise · 12’|Ann Kristin Aarønes · 21’|Marianne Pettersen · 71’|Randi Leinan · 84’|Marianne Pettersen · 89’|Ann Kristin Aarønes · 90+3’,,,
305,Nigeria,England,2,3,,,1843,"Tingvallen, Karlstad",Group stage,1995-06-10,2–3,Ingrid Jonsson,Sweden,1995,Adaku Okoroafor · 13’|Rita Nwadike · 74’,Karen Farley · 10’|Karen Walker · 27’|Karen Farley · 38’,,
306,China PR,Denmark,3,1,,,1619,"Arosvallen, Vasteras",Group stage,1995-06-10,3–1,Eduardo Gamboa Martinez,Sweden,1995,Shi Guihong · 21’|Sun Wen · 76’|Wei Haiying · 90’,Christina Bonde · 44’,,
307,United States,Australia,4,1,,,1150,"Olympia Stadion, Helsingborg",Group stage,1995-06-10,4–1,Pirom Anprasert,Sweden,1995,Julie Foudy · 69’|Joy Fawcett · 72’|Debbie Keller · 90+4’,Lisa Casagrande · 54’,Carla Overbeck (P) · 90+2’,
308,Sweden,Japan,2,0,,,7811,"Arosvallen, Vasteras",Group stage,1995-06-09,2–0,Petros Mathabela,Sweden,1995,Lena Videkull · 66’|Anneli Andelén · 88’,,,
309,Brazil,Germany,1,6,,,3203,"Tingvallen, Karlstad",Group stage,1995-06-09,1–6,Alain Hamer,Sweden,1995,Roseli de Belo · 19’,Birgit Prinz · 5’|Maren Meinert · 22’|Heidi Mohr · 78’|Heidi Mohr · 89’|Anouschka Bernhard · 90’,,Bettina Wiegmann (P) · 42’
310,United States,Denmark,2,0,,,2740,"Stromvallen, Gavle",Group stage,1995-06-08,2–0,Mamadouba Engage Camara,Sweden,1995,Kristine Lilly · 9’|Tiffeny Milbrett · 49’,,,
311,Norway,England,2,0,,,5520,"Tingvallen, Karlstad",Group stage,1995-06-08,2–0,Eduardo Gamboa Martinez,Sweden,1995,Tone Haugen · 7’|Hege Riise · 37’,,,
312,China PR,Australia,4,2,,,1500,"Arosvallen, Vasteras",Group stage,1995-06-08,4–2,Maria Siqueira,Sweden,1995,Zhou Yang · 23’|Shi Guihong · 54’|Shi Guihong · 78’|Liu Ailing · 90+3’,Angela Iannotta · 25’|Sunni Hughes · 89’,,
313,Nigeria,Canada,3,3,,,250,"Olympia Stadion, Helsingborg",Group stage,1995-06-08,3–3,Pirom Anprasert,Sweden,1995,Rita Nwadike · 26’|Patience Avre · 60’|Adaku Okoroafor · 77’,Silvana Burtini · 12’|Geri Donnelly · 20’|Silvana Burtini · 55’,,
314,Sweden,Germany,3,2,,,5855,"Olympia Stadion, Helsingborg",Group stage,1995-06-07,3–2,Linda May Black,Sweden,1995,Pia Sundhage · 80’|Malin Andersson · 86’,Ursula Lohn · 42’,Malin Andersson (P) · 65’,Bettina Wiegmann (P) · 9’
315,Brazil,Japan,1,2,,,2286,"Tingvallen, Karlstad",Group stage,1995-06-07,1–2,Catherine Leann Hepburn,Sweden,1995,Pretinha · 7’,Akemi Noda · 13’|Akemi Noda · 45’,,
316,United States,China PR,3,3,,,4635,"Stromvallen, Gavle",Group stage,1995-06-06,3–3,Ingrid Jonsson,Sweden,1995,Tisha Venturini · 22’|Tiffeny Milbrett · 34’|Mia Hamm · 51’,Wang Liping · 38’|Wei Haiying · 74’|Sun Wen · 79’,,
317,England,Canada,3,2,,,655,"Olympia Stadion, Helsingborg",Group stage,1995-06-06,3–2,Eva Oedlund,Sweden,1995,Gillian Coultard · 85’,Helen Stoumbos · 87’|Geri Donnelly · 90+1’,Gillian Coultard (P) · 51’|Marieanne Spacey (P) · 76’,
318,Norway,Nigeria,8,0,,,4344,"Tingvallen, Karlstad",Group stage,1995-06-06,8–0,Alain Hamer,Sweden,1995,Kristin Sandberg · 30’|Kristin Sandberg · 44’|Hege Riise · 49’|Ann Kristin Aarønes · 60’|Linda Medalen · 67’|Kristin Sandberg · 82’|Ann Kristin Aarønes · 90’,,Tina Svensson (P) · 76’,
319,Denmark,Australia,5,0,,,1500,"Arosvallen, Vasteras",Group stage,1995-06-06,5–0,Bente Skogvang,Sweden,1995,Gitte Krogh · 12’|Anne Dot Eggers Nielsen · 25’|Helle Jensen · 37’|Gitte Krogh · 48’|Christina Hansen · 86’,,,
320,Sweden,Brazil,0,1,,,14500,"Olympia Stadion, Helsingborg",Group stage,1995-06-05,0–1,Sonia Denoncourt,Sweden,1995,,Roseli de Belo · 37’,,
321,Germany,Japan,1,0,,,3824,"Tingvallen, Karlstad",Group stage,1995-06-05,1–0,Petros Mathabela,Sweden,1995,Silvia Neid · 23’,,,
322,United States,Norway,2,1,,,63000,"Tianhe Stadium, Guangzhou",Final,1991-11-30,2–1,Vadim Zhuk,China PR,1991,Michelle Akers · 20’|Michelle Akers · 78’,Linda Medalen · 29’,,
323,Sweden,Germany,4,0,,,20000,"Guangdong Provincial Stadium, Guangzhou",Third-place match,1991-11-29,4–0,Cláudia Vasconcelos,China PR,1991,Anneli Andelén · 7’|Pia Sundhage · 11’|Lena Videkull · 29’|Helen Nilsson · 43’,,,
324,Sweden,Norway,1,4,,,16000,"Ying Dong Stadium, Panyu",Semi-finals,1991-11-27,1–4,Jim McCluskey,China PR,1991,Lena Videkull · 6’,Linda Medalen · 41’|Agnete Carlsen · 67’|Linda Medalen · 77’,,Tina Svensson (P) · 39’
325,United States,Germany,5,2,,,20000,"Guangdong Provincial Stadium, Guangzhou",Semi-finals,1991-11-27,5–2,Salvador Imperatore Marcone,China PR,1991,Carin Jennings-Gabarra · 10’|Carin Jennings-Gabarra · 22’|Carin Jennings-Gabarra · 33’|April Heinrichs · 54’|April Heinrichs · 75’,Heidi Mohr · 34’|Bettina Wiegmann · 63’,,
326,Germany,Denmark,2,1,,,12000,"Zhongshan Stadium, Zhongshan",Quarter-finals,1991-11-24,2–1,Vassilios Nikakis,China PR,1991,Heidi Mohr · 98’,,Bettina Wiegmann (P) · 17’,Susan Mackensie (P) · 25’
327,United States,Chinese Taipei,7,0,,,12000,"New Plaza Stadium, Foshan",Quarter-finals,1991-11-24,7–0,Omer Yengo,China PR,1991,Michelle Akers · 8’|Michelle Akers · 29’|Michelle Akers · 33’|Julie Foudy · 38’|Michelle Akers · 48’|Joy Fawcett · 79’,,Michelle Akers (P) · 44’,
328,Norway,Italy,3,2,,,13000,"Jiangmen Stadium, Jiangmen",Quarter-finals,1991-11-24,3–2,Rafael Rodriguez,China PR,1991,Birthe Hegstad · 22’|Agnete Carlsen · 67’,Raffaella Salmaso · 31’|Rita Guarino · 80’,Tina Svensson (P) · 96’,
329,China PR,Sweden,0,1,,,55000,"Tianhe Stadium, Guangzhou",Quarter-finals,1991-11-24,0–1,John Toro Rendón,China PR,1991,,Pia Sundhage · 3’,,
330,Japan,United States,0,3,,,14000,"New Plaza Stadium, Foshan",Group stage,1991-11-21,0–3,John Toro Rendón,China PR,1991,,Michelle Akers · 20’|Michelle Akers · 37’|Wendy Gebauer · 39’,,
331,Brazil,Sweden,0,2,,,12000,"Ying Dong Stadium, Panyu",Group stage,1991-11-21,0–2,Lu Jun,China PR,1991,,Susanne Hedberg · 56’,,Pia Sundhage (P) · 42’
332,China PR,New Zealand,4,1,,,14000,"New Plaza Stadium, Foshan",Group stage,1991-11-21,4–1,Gyanu Shrestha,China PR,1991,Zhou Yang · 20’|Liu Ailing · 22’|Wu Weiying · 24’|Liu Ailing · 60’,Kim Nye · 65’,,
333,Chinese Taipei,Nigeria,2,0,,,14000,"Jiangmen Stadium, Jiangmen",Group stage,1991-11-21,2–0,Rafael Rodriguez,China PR,1991,Lin Mei-chun · 38’|Chou Tai-ying · 55’,,,
334,Norway,Denmark,2,1,,,15500,"Ying Dong Stadium, Panyu",Group stage,1991-11-21,2–1,Vadim Zhuk,China PR,1991,Linda Medalen · 56’,,Tina Svensson (P) · 14’,Annette Thychosen (P) · 54’
335,Italy,Germany,0,2,,,12000,"Zhongshan Stadium, Zhongshan",Group stage,1991-11-21,0–2,Jim McCluskey,China PR,1991,,Heidi Mohr · 67’|Britta Unsleber · 79’,,
336,Norway,New Zealand,4,0,,,12000,"Guangdong Provincial Stadium, Guangzhou",Group stage,1991-11-19,4–0,Salvador Imperatore Marcone,China PR,1991,Linda Medalen · 32’|Linda Medalen · 38’|Hege Riise · 49’,,,
337,Italy,Nigeria,1,0,,,12000,"Zhongshan Stadium, Zhongshan",Group stage,1991-11-19,1–0,Jim McCluskey,China PR,1991,Carolina Morace · 68’,,,
338,Chinese Taipei,Germany,0,3,,,10000,"Zhongshan Stadium, Zhongshan",Group stage,1991-11-19,0–3,Fathi Boucetta,China PR,1991,,Heidi Mohr · 21’|Heidi Mohr · 50’,,Bettina Wiegmann (P) · 10’
339,Brazil,United States,0,5,,,15500,"Ying Dong Stadium, Panyu",Group stage,1991-11-19,0–5,Vadim Zhuk,China PR,1991,,April Heinrichs · 23’|April Heinrichs · 35’|Carin Jennings-Gabarra · 38’|Michelle Akers · 39’|Mia Hamm · 63’,,
340,Japan,Sweden,0,8,,,14000,"New Plaza Stadium, Foshan",Group stage,1991-11-19,0–8,Gyanu Shrestha,China PR,1991,,Lena Videkull · 1’|Lena Videkull · 11’|Anneli Andelén · 15’|Malin Lundgren · 25’|Helen Nilsson · 27’|Pia Sundhage · 34’|Anneli Andelén · 60’,,
341,China PR,Denmark,2,2,,,27000,"Guangdong Provincial Stadium, Guangzhou",Group stage,1991-11-19,2–2,Vassilios Nikakis,China PR,1991,Sun Wen · 37’|Wei Haiying · 76’,Lisbet Kolding · 24’|Hanne Nissen · 55’,,
342,Germany,Nigeria,4,0,,,14000,"Jiangmen Stadium, Jiangmen",Group stage,1991-11-17,4–0,Rafael Rodriguez,China PR,1991,Silvia Neid · 16’|Heidi Mohr · 32’|Heidi Mohr · 34’|Gudrun Gottschlich · 57’,,,
343,Japan,Brazil,0,1,,,14000,"New Plaza Stadium, Foshan",Group stage,1991-11-17,0–1,Lu Jun,China PR,1991,,Elane Rego dos Santos · 4’,,
344,Chinese Taipei,Italy,0,5,,,11000,"Jiangmen Stadium, Jiangmen",Group stage,1991-11-17,0–5,Fathi Boucetta,China PR,1991,,Feriana Ferraguzzi · 15’|Adele Marsiletti · 29’|Carolina Morace · 37’|Carolina Morace · 52’|Carolina Morace · 66’,,
345,Sweden,United States,2,3,,,14000,"Ying Dong Stadium, Panyu",Group stage,1991-11-17,2–3,John Toro Rendón,China PR,1991,Lena Videkull · 65’|Ingrid Johansson · 71’,Carin Jennings-Gabarra · 40’|Carin Jennings-Gabarra · 49’|Mia Hamm · 62’,,
346,Denmark,New Zealand,3,0,,,14000,"Tianhe Stadium, Guangzhou",Group stage,1991-11-17,3–0,Omer Yengo,China PR,1991,Helle Jensen · 15’|Helle Jensen · 40’|Susan Mackensie · 42’,,,
347,China PR,Norway,4,0,,,65000,"Tianhe Stadium, Guangzhou",Group stage,1991-11-16,4–0,Salvador Imperatore Marcone,China PR,1991,Ma Li · 22’|Liu Ailing · 45’|Liu Ailing · 50’|Sun Qingmei · 75’,,,
