,Rank,Team,MP,W,D,L,GF,GA,GD,Pts,xG,xGA,xGD,xGD/90,Top Team Scorer,Latitude,Longitude,Region,Year,ISO_Code,Manager,Gender,Nationality,Flag,Team_with_Flag
160,Quarter Final,China,4.0,2.0,1.0,1.0,10.0,4.0,6.0,5.0,,,,,Liu Ailing - 4,35.8617,104.1954,AFC (Asia),1991,CHN,Shang Ruihua,Male,Chinese,ğŸ‡¨ğŸ‡³,China ğŸ‡¨ğŸ‡³
161,Quarter Final,Italy,4.0,2.0,0.0,2.0,8.0,5.0,3.0,4.0,,,,,Carolina Morace - 4,41.8719,12.5674,UEFA (Europe),1991,ITA,Sergio Guenza,Male,Italian,ğŸ‡®ğŸ‡¹,Italy ğŸ‡®ğŸ‡¹
162,Quarter Final,Denmark,4.0,1.0,1.0,2.0,7.0,6.0,1.0,3.0,,,,,"Susan Mackensie, Helle Jensen - 2",56.2639,9.5018,UEFA (Europe),1991,DNK,Keld Gantzhorn,Male,Danish,ğŸ‡©ğŸ‡°,Denmark ğŸ‡©ğŸ‡°
163,Quarter Final,Taiwan,4.0,1.0,0.0,3.0,2.0,15.0,-13.0,2.0,,,,,"Chou Tai-ying, Lin Mei-chun - 1",23.6978,120.9605,AFC (Asia),1991,TWN,Chong Tsu-Pin,Male,Taiwanese,ğŸ‡¹ğŸ‡¼,Taiwan ğŸ‡¹ğŸ‡¼
164,Group Stage,Brazil,3.0,1.0,0.0,2.0,1.0,7.0,-6.0,2.0,,,,,Elane Rego dos Santos - 1,-14.235,-51.9253,CONMEBOL (South America),1991,BRA,Fernando Pires,Male,Brazilian,ğŸ‡§ğŸ‡·,Brazil ğŸ‡§ğŸ‡·
165,Group Stage,Nigeria,3.0,0.0,0.0,3.0,0.0,7.0,-7.0,0.0,,,,,,9.082,8.6753,CAF (Africa),1991,NGA,Jo BonfrÃ¨re,Male,Dutch,ğŸ‡³ğŸ‡¬,Nigeria ğŸ‡³ğŸ‡¬
166,Group Stage,New Zealand,3.0,0.0,0.0,3.0,1.0,11.0,-10.0,0.0,,,,,Kim Nye - 1,-40.9006,174.886,OFC (Oceania),1991,NZL,Dave Boardman,Male,English,ğŸ‡³ğŸ‡¿,New Zealand ğŸ‡³ğŸ‡¿
167,Group Stage,Japan,3.0,0.0,0.0,3.0,0.0,12.0,-12.0,0.0,,,,,,36.2048,138.2529,AFC (Asia),1991,JPN,Tamotsu Suzuki,Male,Japanese,ğŸ‡¯ğŸ‡µ,Japan ğŸ‡¯ğŸ‡µ
156,1,USA,6.0,6.0,0.0,0.0,25.0,5.0,20.0,12.0,,,,,Michelle Akers - 10,37.0902,-95.7129,CONCACAF (North and Central America),1991,USA,Anson Dorrance,Male,USA,ğŸ‡ºğŸ‡¸,USA ğŸ‡ºğŸ‡¸
157,2,Norway,6.0,4.0,0.0,2.0,14.0,10.0,4.0,8.0,,,,,Linda Medalen - 6,60.472,8.4689,UEFA (Europe),1991,NOR,Even Pellerud,Male,Norwegian,ğŸ‡³ğŸ‡´,Norway ğŸ‡³ğŸ‡´
158,3,Sweden,6.0,4.0,0.0,2.0,18.0,7.0,11.0,8.0,,,,,Lena Videkull - 5,60.1282,18.6435,UEFA (Europe),1991,SWE,Gunilla Paijkull,Female,Swedish,ğŸ‡¸ğŸ‡ª,Sweden ğŸ‡¸ğŸ‡ª
159,4,Germany,6.0,4.0,0.0,2.0,13.0,10.0,3.0,8.0,,,,,Heidi Mohr - 7,51.1657,10.4515,UEFA (Europe),1991,DEU,Gero Bisanz,Male,German,ğŸ‡©ğŸ‡ª,Germany ğŸ‡©ğŸ‡ª
155,Group Stage,Australia,3.0,0.0,0.0,3.0,3.0,13.0,-10.0,0.0,,,,,"Sunni Hughes, Angela Iannotta... - 1",-25.2744,133.7751,OFC (Oceania),1995,AUS,Tom Sermanni,Male,Scotland,ğŸ‡¦ğŸ‡º,Australia ğŸ‡¦ğŸ‡º
154,Group Stage,Nigeria,3.0,0.0,2.0,2.0,5.0,14.0,-9.0,2.0,,,,,"Rita Nwadike, Adaku Okoroafor - 2",9.082,8.6753,CAF (Africa),1995,NGA,Paul Hamilton,Male,Nigerian,ğŸ‡³ğŸ‡¬,Nigeria ğŸ‡³ğŸ‡¬
153,Group Stage,Canada,3.0,0.0,2.0,2.0,5.0,13.0,-8.0,2.0,,,,,"Geri Donnelly, Silvana Burtini - 2",56.1304,-106.3468,CONCACAF (North and Central America),1995,CAN,Sylvie BÃ©liveau,Female,Canadian,ğŸ‡¨ğŸ‡¦,Canada ğŸ‡¨ğŸ‡¦
152,Group Stage,Brazil,3.0,1.0,0.0,2.0,3.0,8.0,-5.0,3.0,,,,,Roseli de Belo - 2,-14.235,-51.9253,CONMEBOL (South America),1995,BRA,Ademar Fonesca,Male,Brazilian,ğŸ‡§ğŸ‡·,Brazil ğŸ‡§ğŸ‡·
151,Quarter Final,Japan,4.0,1.0,0.0,3.0,2.0,8.0,-6.0,3.0,,,,,Akemi Noda - 2,36.2048,138.2529,AFC (Asia),1995,JPN,Tamotsu Suzuki,Male,Japanese,ğŸ‡¯ğŸ‡µ,Japan ğŸ‡¯ğŸ‡µ
150,Quarter Final,Denmark,4.0,1.0,0.0,3.0,7.0,8.0,-1.0,3.0,,,,,Gitte Krogh - 3,56.2639,9.5018,UEFA (Europe),1995,DNK,Keld Gantzhorn,Male,Danish,ğŸ‡©ğŸ‡°,Denmark ğŸ‡©ğŸ‡°
149,Quarter Final,England,4.0,2.0,1.0,2.0,6.0,9.0,-3.0,7.0,,,,,"Karen Farley, Gillian Coultard - 2",52.3555,-1.1743,UEFA (Europe),1995,GBR,Ted Copeland,Male,English,ğŸ´ó §ó ¢ó ¥ó ®ó §ó ¿,England ğŸ´ó §ó ¢ó ¥ó ®ó §ó ¿
148,Quarter Final,Sweden,4.0,2.0,1.0,1.0,6.0,4.0,2.0,7.0,,,,,Malin Andersson - 2,60.1282,18.6435,UEFA (Europe),1995,SWE,Bengt Simonsson,Male,Swedish,ğŸ‡¸ğŸ‡ª,Sweden ğŸ‡¸ğŸ‡ª
144,1,Norway,6.0,6.0,1.0,0.0,23.0,1.0,22.0,19.0,,,,,Ann Kristin AarÃ¸nes - 6,60.472,8.4689,UEFA (Europe),1995,NOR,Even Pellerud,Male,Norwegian,ğŸ‡³ğŸ‡´,Norway ğŸ‡³ğŸ‡´
145,2,Germany,6.0,4.0,0.0,2.0,13.0,6.0,7.0,12.0,,,,,"Heidi Mohr, Bettina Wiegmann - 3",51.1657,10.4515,UEFA (Europe),1995,DEU,Gero Bisanz,Male,German,ğŸ‡©ğŸ‡ª,Germany ğŸ‡©ğŸ‡ª
146,3,USA,6.0,4.0,1.0,1.0,15.0,5.0,10.0,13.0,,,,,"Tisha Venturini, Kristine Lilly... - 3",37.0902,-95.7129,CONCACAF (North and Central America),1995,USA,Tony DiCicco,Male,USA,ğŸ‡ºğŸ‡¸,USA ğŸ‡ºğŸ‡¸
147,4,China,6.0,2.0,2.0,2.0,11.0,10.0,1.0,8.0,,,,,Shi Guihong - 3,35.8617,104.1954,AFC (Asia),1995,CHN,Ma Yuanan,Male,Chinese,ğŸ‡¨ğŸ‡³,China ğŸ‡¨ğŸ‡³
136,Group Stage,Italy,3.0,1.0,1.0,1.0,3.0,3.0,0.0,4.0,,,,,Patrizia Panico - 2,41.8719,12.5674,UEFA (Europe),1999,ITA,Carlo Facchin,Male,Italy,ğŸ‡®ğŸ‡¹,Italy ğŸ‡®ğŸ‡¹
137,Group Stage,North Korea,3.0,1.0,0.0,2.0,4.0,6.0,-2.0,3.0,,,,,Jo Song-ok - 2,40.3399,127.5101,AFC (Asia),1999,PRK,Myong Dong-chan,Male,North Korea,ğŸ‡°ğŸ‡µ,North Korea ğŸ‡°ğŸ‡µ
138,Group Stage,Australia,3.0,0.0,1.0,2.0,3.0,7.0,-4.0,1.0,,,,,Julie Murray - 2,-25.2744,133.7751,OFC (Oceania),1999,AUS,Greg Brown,Male,Australia,ğŸ‡¦ğŸ‡º,Australia ğŸ‡¦ğŸ‡º
139,Group Stage,Canada,3.0,0.0,1.0,2.0,3.0,12.0,-9.0,1.0,,,,,Charmaine Hooper - 2,56.1304,-106.3468,CONCACAF (North and Central America),1999,CAN,Neil Turnbull,Male,Canada,ğŸ‡¨ğŸ‡¦,Canada ğŸ‡¨ğŸ‡¦
140,Group Stage,Ghana,3.0,0.0,1.0,2.0,1.0,10.0,-9.0,1.0,,,,,Nana Gyamfuah - 1,7.9465,-1.0232,CAF (Africa),1999,GHA,Emmanuel Kwasi Afranie,Male,Ghana,ğŸ‡¬ğŸ‡­,Ghana ğŸ‡¬ğŸ‡­
141,Group Stage,Japan,3.0,0.0,1.0,2.0,1.0,10.0,-9.0,1.0,,,,,Nami Otake - 1,36.2048,138.2529,AFC (Asia),1999,JPN,Satoshi Miyauchi,Male,Japan,ğŸ‡¯ğŸ‡µ,Japan ğŸ‡¯ğŸ‡µ
142,Group Stage,Denmark,3.0,0.0,0.0,3.0,1.0,8.0,-7.0,0.0,,,,,Janni Johansen - 1,56.2639,9.5018,UEFA (Europe),1999,DNK,Poul HÃ¸jmose,Male,Denmark,ğŸ‡©ğŸ‡°,Denmark ğŸ‡©ğŸ‡°
143,Group Stage,Mexico,3.0,0.0,0.0,3.0,1.0,15.0,-14.0,0.0,,,,,Maribel DomÃ­nguez - 1,23.6345,-102.5528,CONCACAF (North and Central America),1999,MEX,Leonardo CuÃ©llar,Male,Mexico,ğŸ‡²ğŸ‡½,Mexico ğŸ‡²ğŸ‡½
135,Quarter Final,Germany,4.0,1.0,2.0,1.0,12.0,7.0,5.0,5.0,,,,,"Inka Grings, Bettina Wiegmann - 3",51.1657,10.4515,UEFA (Europe),1999,DEU,Tina Theune-Meyer,Female,Germany,ğŸ‡©ğŸ‡ª,Germany ğŸ‡©ğŸ‡ª
134,Quarter Final,Nigeria,4.0,2.0,0.0,2.0,8.0,12.0,-4.0,6.0,,,,,Nkiru Okosieme - 3,9.082,8.6753,CAF (Africa),1999,NGA,Ismaila Mabo,Male,Nigeria,ğŸ‡³ğŸ‡¬,Nigeria ğŸ‡³ğŸ‡¬
133,Quarter Final,Sweden,4.0,2.0,0.0,2.0,7.0,6.0,1.0,6.0,,,,,"Victoria Sandell Svensson, Hanna Ljungberg - 2",60.1282,18.6435,UEFA (Europe),1999,SWE,Marika Domanski-Lyfors,Female,Sweden,ğŸ‡¸ğŸ‡ª,Sweden ğŸ‡¸ğŸ‡ª
132,Quarter Final,Russia,4.0,2.0,0.0,2.0,10.0,5.0,5.0,6.0,,,,,"Olga Letyushova, Elena Fomina - 2",61.524,105.3188,UEFA (Europe),1999,RUS,Yuri Bystritsky,Male,Russia,ğŸ‡·ğŸ‡º,Russia ğŸ‡·ğŸ‡º
131,4,Norway,6.0,4.0,1.0,1.0,16.0,8.0,8.0,13.0,,,,,Ann Kristin AarÃ¸nes - 4,60.472,8.4689,UEFA (Europe),1999,NOR,Per-Mathias HÃ¸gmo,Male,Norway,ğŸ‡³ğŸ‡´,Norway ğŸ‡³ğŸ‡´
130,3,Brazil,6.0,3.0,2.0,1.0,16.0,9.0,7.0,11.0,,,,,Sissi - 7,-14.235,-51.9253,CONMEBOL (South America),1999,BRA,Wilson EgÃ­dio de Paula,Male,Brazil,ğŸ‡§ğŸ‡·,Brazil ğŸ‡§ğŸ‡·
129,2,China,6.0,5.0,1.0,0.0,19.0,2.0,17.0,16.0,,,,,Sun Wen - 7,35.8617,104.1954,AFC (Asia),1999,CHN,Ma Yuanan,Male,China,ğŸ‡¨ğŸ‡³,China ğŸ‡¨ğŸ‡³
128,1,USA,6.0,5.0,1.0,0.0,18.0,3.0,15.0,16.0,,,,,Tiffeny Milbrett - 3,37.0902,-95.7129,CONCACAF (North and Central America),1999,USA,Tony DiCicco,Male,USA,ğŸ‡ºğŸ‡¸,USA ğŸ‡ºğŸ‡¸
127,Group Stage,Argentina,3.0,0.0,0.0,3.0,1.0,15.0,-14.0,0.0,,,,,Yanina GaitÃ¡n - 1,-38.4161,-63.6167,CONMEBOL (South America),2003,ARG,Carlos Borrello,Male,Argentine,ğŸ‡¦ğŸ‡·,Argentina ğŸ‡¦ğŸ‡·
126,Group Stage,Nigeria,3.0,0.0,0.0,3.0,0.0,11.0,-11.0,0.0,,,,,,9.082,8.6753,CAF (Africa),2003,NGA,Samuel Okpodu,Male,Nigerian,ğŸ‡³ğŸ‡¬,Nigeria ğŸ‡³ğŸ‡¬
125,Group Stage,Korea Republic,3.0,0.0,0.0,3.0,1.0,11.0,-10.0,0.0,,,,,Kim Jin-hee - 1,35.9078,127.7669,AFC (Asia),2003,KOR,An Jong-goan,Male,South Korean,ğŸ‡°ğŸ‡·,Korea Republic ğŸ‡°ğŸ‡·
124,Group Stage,Ghana,3.0,0.0,1.0,2.0,3.0,5.0,-2.0,1.0,,,,,Alberta Sackey - 2,7.9465,-1.0232,CAF (Africa),2003,GHA,Oko Aryee,Male,Ghanaian,ğŸ‡¬ğŸ‡­,Ghana ğŸ‡¬ğŸ‡­
123,Group Stage,Australia,3.0,1.0,0.0,2.0,2.0,5.0,-3.0,3.0,,,,,Heather Garriock - 2,-25.2744,133.7751,OFC (Oceania),2003,AUS,Adrian Santrac,Male,Australia,ğŸ‡¦ğŸ‡º,Australia ğŸ‡¦ğŸ‡º
122,Group Stage,North Korea,3.0,1.0,0.0,2.0,3.0,4.0,-1.0,3.0,,,,,Jin Pyol-hui - 2,40.3399,127.5101,AFC (Asia),2003,PRK,Ri Song Gun,Male,North Korean,ğŸ‡°ğŸ‡µ,North Korea ğŸ‡°ğŸ‡µ
121,Group Stage,Japan,3.0,1.0,0.0,2.0,7.0,6.0,1.0,3.0,,,,,"Mio Otani, Homare Sawa - 3",36.2048,138.2529,AFC (Asia),2003,JPN,Eiji Ueda,Male,Japanese,ğŸ‡¯ğŸ‡µ,Japan ğŸ‡¯ğŸ‡µ
120,Group Stage,France,3.0,1.0,1.0,1.0,2.0,3.0,-1.0,4.0,,,,,Marinette Pichon - 2,46.6034,1.8883,UEFA (Europe),2003,FRA,Elisabeth Loisel,Female,French,ğŸ‡«ğŸ‡·,France ğŸ‡«ğŸ‡·
119,Quarter Final,Russia,4.0,2.0,0.0,2.0,6.0,9.0,-3.0,6.0,,,,,"Natalia Barbashina, Marina Saenko... - 1",61.524,105.3188,UEFA (Europe),2003,RUS,Yuri Bystritsky,Male,Russian,ğŸ‡·ğŸ‡º,Russia ğŸ‡·ğŸ‡º
118,Quarter Final,Norway,4.0,2.0,0.0,2.0,10.0,6.0,4.0,6.0,,,,,Dagny Mellgren - 3,60.472,8.4689,UEFA (Europe),2003,NOR,Ã…ge Steen,Male,Norwegian,ğŸ‡³ğŸ‡´,Norway ğŸ‡³ğŸ‡´
117,Quarter Final,China,4.0,2.0,1.0,1.0,3.0,2.0,1.0,7.0,,,,,Bai Jie - 2,35.8617,104.1954,AFC (Asia),2003,CHN,Ma Liangxing,Male,Chinese,ğŸ‡¨ğŸ‡³,China ğŸ‡¨ğŸ‡³
116,Quarter Final,Brazil,4.0,2.0,1.0,1.0,9.0,4.0,5.0,7.0,,,,,KÃ¡tia - 4,-14.235,-51.9253,CONMEBOL (South America),2003,BRA,Paulo GonÃ§alves,Male,Brazilian,ğŸ‡§ğŸ‡·,Brazil ğŸ‡§ğŸ‡·
115,4,Canada,6.0,3.0,1.0,3.0,10.0,10.0,0.0,10.0,,,,,"Christine Sinclair, Christine Latham - 3",56.1304,-106.3468,CONCACAF (North and Central America),2003,CAN,Even Pellerud,Male,Norwegian,ğŸ‡¨ğŸ‡¦,Canada ğŸ‡¨ğŸ‡¦
114,3,USA,6.0,5.0,0.0,1.0,15.0,5.0,10.0,15.0,,,,,Abby Wambach - 3,37.0902,-95.7129,CONCACAF (North and Central America),2003,USA,April Heinrichs,Female,USA,ğŸ‡ºğŸ‡¸,USA ğŸ‡ºğŸ‡¸
113,2,Sweden,6.0,4.0,0.0,2.0,10.0,7.0,3.0,12.0,,,,,"Victoria Sandell Svensson, Hanna Ljungberg - 3",60.1282,18.6435,UEFA (Europe),2003,SWE,Marika Domanski Lyfors,Female,Swedish,ğŸ‡¸ğŸ‡ª,Sweden ğŸ‡¸ğŸ‡ª
112,1,Germany,6.0,6.0,0.0,0.0,25.0,4.0,21.0,18.0,,,,,Birgit Prinz - 7,51.1657,10.4515,UEFA (Europe),2003,DEU,Tina Theune-Meyer,Female,German,ğŸ‡©ğŸ‡ª,Germany ğŸ‡©ğŸ‡ª
111,Group Stage,Argentina,3.0,0.0,0.0,3.0,1.0,18.0,-17.0,0.0,,,,,Eva Nadia GonzÃ¡lez - 1,-38.4161,-63.6167,CONMEBOL (South America),2007,ARG,JosÃ© Carlos Borrello,Male,Argentina,ğŸ‡¦ğŸ‡·,Argentina ğŸ‡¦ğŸ‡·
110,Group Stage,Ghana,3.0,0.0,0.0,3.0,3.0,15.0,-12.0,0.0,,,,,"Florence Okoe, Anita Amankwa... - 1",7.9465,-1.0232,CAF (Africa),2007,GHA,Isaac Paha,Male,Ghana,ğŸ‡¬ğŸ‡­,Ghana ğŸ‡¬ğŸ‡­
109,Group Stage,New Zealand,3.0,0.0,0.0,3.0,0.0,9.0,-9.0,0.0,,,,,,-40.9006,174.886,OFC (Oceania),2007,NZL,John Herdman,Male,England,ğŸ‡³ğŸ‡¿,New Zealand ğŸ‡³ğŸ‡¿
108,Group Stage,Nigeria,3.0,0.0,1.0,2.0,1.0,4.0,-3.0,1.0,,,,,Cynthia Uwak - 1,9.082,8.6753,CAF (Africa),2007,NGA,Effiom Ntiero,Male,Nigeria,ğŸ‡³ğŸ‡¬,Nigeria ğŸ‡³ğŸ‡¬
107,Group Stage,Denmark,3.0,1.0,0.0,2.0,4.0,4.0,0.0,3.0,,,,,Cathrine Paaske-SÃ¸rensen - 2,56.2639,9.5018,UEFA (Europe),2007,DNK,Kenneth Heiner-MÃ¸ller,Male,Denmark,ğŸ‡©ğŸ‡°,Denmark ğŸ‡©ğŸ‡°
106,Group Stage,Sweden,3.0,1.0,1.0,1.0,3.0,4.0,-1.0,4.0,,,,,Lotta Schelin - 2,60.1282,18.6435,UEFA (Europe),2007,SWE,Thomas Dennerby,Male,Sweden,ğŸ‡¸ğŸ‡ª,Sweden ğŸ‡¸ğŸ‡ª
105,Group Stage,Japan,3.0,1.0,1.0,1.0,3.0,4.0,-1.0,4.0,,,,,Aya Miyama - 2,36.2048,138.2529,AFC (Asia),2007,JPN,Hiroshi Ohashi,Male,Japan,ğŸ‡¯ğŸ‡µ,Japan ğŸ‡¯ğŸ‡µ
104,Group Stage,Canada,3.0,1.0,1.0,1.0,7.0,4.0,3.0,4.0,,,,,Christine Sinclair - 3,56.1304,-106.3468,CONCACAF (North and Central America),2007,CAN,Even Pellerud,Male,Norway,ğŸ‡¨ğŸ‡¦,Canada ğŸ‡¨ğŸ‡¦
103,Quarter Final,North Korea,4.0,1.0,1.0,2.0,5.0,7.0,-2.0,4.0,,,,,"Ri Kum-suk, Ri Un-suk... - 1",40.3399,127.5101,AFC (Asia),2007,PRK,Kim Kwang-min,Male,North Korea,ğŸ‡°ğŸ‡µ,North Korea ğŸ‡°ğŸ‡µ
102,Quarter Final,England,4.0,1.0,2.0,1.0,8.0,6.0,2.0,5.0,,,,,Kelly Smith - 4,51.5074,-0.1278,UEFA (Europe),2007,GBR,Hope Powell,Female,England,ğŸ´ó §ó ¢ó ¥ó ®ó §ó ¿,England ğŸ´ó §ó ¢ó ¥ó ®ó §ó ¿
101,Quarter Final,Australia,4.0,1.0,2.0,1.0,9.0,7.0,2.0,5.0,,,,,Lisa De Vanna - 4,-25.2744,133.7751,AFC (Asia),2007,AUS,Tom Sermanni,Male,Scotland,ğŸ‡¦ğŸ‡º,Australia ğŸ‡¦ğŸ‡º
100,Quarter Final,China,4.0,2.0,0.0,2.0,5.0,7.0,-2.0,6.0,,,,,Li Jie - 2,35.8617,104.1954,AFC (Asia),2007,CHN,Marika Domanski-Lyfors,Female,Sweden,ğŸ‡¨ğŸ‡³,China ğŸ‡¨ğŸ‡³
99,4,Norway,6.0,3.0,1.0,2.0,12.0,11.0,1.0,10.0,,,,,Ragnhild Gulbrandsen - 6,60.472,8.4689,UEFA (Europe),2007,NOR,Bjarne Berntsen,Male,Norway,ğŸ‡³ğŸ‡´,Norway ğŸ‡³ğŸ‡´
98,3,USA,6.0,4.0,1.0,1.0,12.0,7.0,5.0,13.0,,,,,Abby Wambach - 6,37.0902,-95.7129,CONCACAF (North and Central America),2007,USA,Greg Ryan,Male,USA,ğŸ‡ºğŸ‡¸,USA ğŸ‡ºğŸ‡¸
97,2,Brazil,6.0,5.0,0.0,1.0,17.0,4.0,13.0,15.0,,,,,Marta - 7,-14.235,-51.9253,CONMEBOL (South America),2007,BRA,Jorge Barcellos,Male,Brazil,ğŸ‡§ğŸ‡·,Brazil ğŸ‡§ğŸ‡·
96,1,Germany,6.0,5.0,1.0,0.0,21.0,0.0,21.0,16.0,,,,,Birgit Prinz - 5,51.1657,10.4515,UEFA (Europe),2007,DEU,Silvia Neid,Female,Germany,ğŸ‡©ğŸ‡ª,Germany ğŸ‡©ğŸ‡ª
95,Group Stage,Canada,3.0,0.0,0.0,3.0,1.0,7.0,-6.0,0.0,,,,,Christine Sinclair - 1,56.1304,-106.3468,CONCACAF (North and Central America),2011,CAN,Carolina Morace,Female,Italy,ğŸ‡¨ğŸ‡¦,Canada ğŸ‡¨ğŸ‡¦
94,Group Stage,Equatorial Guinea,3.0,0.0,0.0,3.0,2.0,7.0,-5.0,0.0,,,,,Genoveva AÃ±onma - 2,1.6508,10.2679,CAF (Africa),2011,GNQ,Marcello Frigerio,Male,Brazil,ğŸ‡¬ğŸ‡¶,Equatorial Guinea ğŸ‡¬ğŸ‡¶
93,Group Stage,Colombia,3.0,0.0,1.0,2.0,0.0,4.0,-4.0,1.0,,,,,,4.5709,-74.2973,CONMEBOL (South America),2011,COL,Ricardo Rozo,Male,Colombia,ğŸ‡¨ğŸ‡´,Colombia ğŸ‡¨ğŸ‡´
92,Group Stage,North Korea,3.0,0.0,1.0,2.0,0.0,3.0,-3.0,1.0,,,,,,40.3399,127.5101,AFC (Asia),2011,PRK,Kim Kwang-min,Male,North Korea,ğŸ‡°ğŸ‡µ,North Korea ğŸ‡°ğŸ‡µ
91,Group Stage,New Zealand,3.0,0.0,1.0,2.0,4.0,6.0,-2.0,1.0,,,,,"Amber Hearn, Rebecca Smith... - 1",-40.9006,174.886,OFC (Oceania),2011,NZL,John Herdman,Male,England,ğŸ‡³ğŸ‡¿,New Zealand ğŸ‡³ğŸ‡¿
90,Group Stage,Mexico,3.0,0.0,2.0,1.0,3.0,7.0,-4.0,2.0,,,,,"MÃ³nica Ocampo, Stephany Mayor... - 1",23.6345,-102.5528,CONCACAF (North and Central America),2011,MEX,Leonardo CuÃ©llar,Male,Mexico,ğŸ‡²ğŸ‡½,Mexico ğŸ‡²ğŸ‡½
89,Group Stage,Norway,3.0,1.0,0.0,2.0,2.0,5.0,-3.0,3.0,,,,,"Elise Thorsnes, Emilie Haavi - 1",60.472,8.4689,UEFA (Europe),2011,NOR,Eli Landsem,Female,Norway,ğŸ‡³ğŸ‡´,Norway ğŸ‡³ğŸ‡´
88,Group Stage,Nigeria,3.0,1.0,0.0,2.0,1.0,2.0,-1.0,3.0,,,,,Perpetua Nkwocha - 1,9.082,8.6753,CAF (Africa),2011,NGA,Ngozi Uche,Female,Nigeria,ğŸ‡³ğŸ‡¬,Nigeria ğŸ‡³ğŸ‡¬
87,Quarter Final,Australia,4.0,2.0,0.0,2.0,6.0,7.0,-1.0,6.0,,,,,Kyah Simon - 2,-25.2744,133.7751,AFC (Asia),2011,AUS,Tom Sermanni,Male,Scotland,ğŸ‡¦ğŸ‡º,Australia ğŸ‡¦ğŸ‡º
86,Quarter Final,England,4.0,2.0,2.0,0.0,6.0,3.0,3.0,8.0,,,,,Jill Scott - 2,51.5074,-0.1278,UEFA (Europe),2011,GBR,Hope Powell,Female,England,ğŸ´ó §ó ¢ó ¥ó ®ó §ó ¿,England ğŸ´ó §ó ¢ó ¥ó ®ó §ó ¿
85,Quarter Final,Germany,4.0,3.0,0.0,1.0,7.0,4.0,3.0,9.0,,,,,"Kerstin Garefrekes, CÃ©lia Å aÅ¡iÄ‡... - 2",51.1657,10.4515,UEFA (Europe),2011,DEU,Silvia Neid,Female,Germany,ğŸ‡©ğŸ‡ª,Germany ğŸ‡©ğŸ‡ª
84,Quarter Final,Brazil,4.0,3.0,1.0,0.0,9.0,2.0,7.0,10.0,,,,,Marta - 4,-14.235,-51.9253,CONMEBOL (South America),2011,BRA,Kleiton Lima,Male,Brazil,ğŸ‡§ğŸ‡·,Brazil ğŸ‡§ğŸ‡·
83,4,France,6.0,2.0,1.0,3.0,10.0,10.0,0.0,7.0,,,,,"GaÃ«tane Thiney, Marie-Laure Delie... - 2",46.6034,1.8883,UEFA (Europe),2011,FRA,Bruno Bini,Male,France,ğŸ‡«ğŸ‡·,France ğŸ‡«ğŸ‡·
82,3,Sweden,6.0,5.0,0.0,1.0,10.0,6.0,4.0,15.0,,,,,Lisa Dahlkvist - 3,60.1282,18.6435,UEFA (Europe),2011,SWE,Thomas Dennerby,Male,Sweden,ğŸ‡¸ğŸ‡ª,Sweden ğŸ‡¸ğŸ‡ª
81,2,USA,6.0,3.0,2.0,1.0,13.0,7.0,6.0,11.0,,,,,Abby Wambach - 4,37.0902,-95.7129,CONCACAF (North and Central America),2011,USA,Pia Sundhage,Female,Sweden,ğŸ‡ºğŸ‡¸,USA ğŸ‡ºğŸ‡¸
80,1,Japan,6.0,4.0,1.0,1.0,12.0,6.0,6.0,13.0,,,,,Homare Sawa - 5,36.2048,138.2529,AFC (Asia),2011,JPN,Norio Sasaki,Male,Japan,ğŸ‡¯ğŸ‡µ,Japan ğŸ‡¯ğŸ‡µ
63,Quarter Final,China,5.0,2.0,1.0,2.0,4.0,4.0,0.0,7.0,,,,,"Wang Shanshan, Wang Lisi - 2",35.8617,104.1954,AFC (Asia),2015,CHN,Hao Wei,Male,China,ğŸ‡¨ğŸ‡³,China ğŸ‡¨ğŸ‡³
62,Quarter Final,Australia,5.0,2.0,1.0,2.0,5.0,5.0,0.0,7.0,,,,,Kyah Simon - 3,-25.2744,133.7751,AFC (Asia),2015,AUS,Alen Stajcic,Male,Australia,ğŸ‡¦ğŸ‡º,Australia ğŸ‡¦ğŸ‡º
61,Quarter Final,Canada,5.0,2.0,2.0,1.0,4.0,3.0,1.0,8.0,,,,,Christine Sinclair - 2,56.1304,-106.3468,CONCACAF (North and Central America),2015,CAN,John Herdman,Male,England,ğŸ‡¨ğŸ‡¦,Canada ğŸ‡¨ğŸ‡¦
60,Quarter Final,France,5.0,3.0,1.0,1.0,10.0,3.0,7.0,10.0,,,,,"EugÃ©nie Le Sommer, Marie-Laure Delie - 3",46.6034,1.8883,UEFA (Europe),2015,FRA,Philippe Bergeroo,Male,France,ğŸ‡«ğŸ‡·,France ğŸ‡«ğŸ‡·
59,4,Germany,7.0,3.0,2.0,2.0,20.0,6.0,14.0,11.0,,,,,CÃ©lia Å aÅ¡iÄ‡ - 6,51.1657,10.4515,UEFA (Europe),2015,DEU,Silva Neid,Female,Germany,ğŸ‡©ğŸ‡ª,Germany ğŸ‡©ğŸ‡ª
58,3,England,7.0,5.0,0.0,2.0,10.0,7.0,3.0,15.0,,,,,Fara Williams - 3,51.5074,-0.1278,UEFA (Europe),2015,GBR,Mark Sampson,Male,Wales,ğŸ´ó §ó ¢ó ¥ó ®ó §ó ¿,England ğŸ´ó §ó ¢ó ¥ó ®ó §ó ¿
57,2,Japan,7.0,6.0,0.0,1.0,11.0,8.0,3.0,18.0,,,,,"Aya Miyama, YÅ«ki Nagasato - 2",36.2048,138.2529,AFC (Asia),2015,JPN,Norio Sasaki,Male,Japan,ğŸ‡¯ğŸ‡µ,Japan ğŸ‡¯ğŸ‡µ
56,1,USA,7.0,6.0,1.0,0.0,14.0,3.0,11.0,19.0,,,,,Carli Lloyd - 6,37.0902,-95.7129,CONCACAF (North and Central America),2015,USA,Jill Ellis,Female,USA,ğŸ‡ºğŸ‡¸,USA ğŸ‡ºğŸ‡¸
72,Group Stage,Thailand,3.0,1.0,0.0,2.0,3.0,10.0,-7.0,3.0,,,,,Orathai Srimanee - 2,15.87,100.9925,AFC (Asia),2015,THA,Noengruthai Sratongwian,Female,Thailand,ğŸ‡¹ğŸ‡­,Thailand ğŸ‡¹ğŸ‡­
73,Group Stage,Costa Rica,3.0,0.0,2.0,1.0,3.0,4.0,-1.0,2.0,,,,,"Raquel RodrÃ­guez, Melissa Herrera... - 1",9.7489,-83.7534,CONCACAF (North and Central America),2015,CRC,Amelia Valverde,Female,Costa Rica,ğŸ‡¨ğŸ‡·,Costa Rica ğŸ‡¨ğŸ‡·
74,Group Stage,New Zealand,3.0,0.0,2.0,1.0,2.0,3.0,-1.0,2.0,,,,,"Rebekah Stott, Hannah Wilkinson - 1",-40.9006,174.886,OFC (Oceania),2015,NZL,Tony Readings,Male,England,ğŸ‡³ğŸ‡¿,New Zealand ğŸ‡³ğŸ‡¿
75,Group Stage,Spain,3.0,0.0,1.0,2.0,2.0,4.0,-2.0,1.0,,,,,"VerÃ³nica Boquete, Vicky Losada - 1",40.4637,-3.7492,UEFA (Europe),2015,ESP,Ignacio Quereda,Male,Spain,ğŸ‡ªğŸ‡¸,Spain ğŸ‡ªğŸ‡¸
76,Group Stage,Nigeria,3.0,0.0,1.0,2.0,3.0,6.0,-3.0,1.0,,,,,"Ngozi Okobi, Asisat Oshoala... - 1",9.082,8.6753,CAF (Africa),2015,NGA,Edwin Okon,Male,Nigeria,ğŸ‡³ğŸ‡¬,Nigeria ğŸ‡³ğŸ‡¬
77,Group Stage,Mexico,3.0,0.0,1.0,2.0,2.0,8.0,-6.0,1.0,,,,,"VerÃ³nica PÃ©rez, Fabiola Ibarra - 1",23.6345,-102.5528,CONCACAF (North and Central America),2015,MEX,Leonardo CuÃ©llar,Male,Mexico,ğŸ‡²ğŸ‡½,Mexico ğŸ‡²ğŸ‡½
78,Group Stage,CÃ´te d'Ivoire,3.0,0.0,0.0,3.0,3.0,16.0,-13.0,0.0,,,,,Ange N'Guessan - 2,7.5399,-5.5471,CAF (Africa),2015,CIV,ClÃ©mentine TourÃ©,Female,Ivory Coast,ğŸ‡¨ğŸ‡®,CÃ´te d'Ivoire ğŸ‡¨ğŸ‡®
79,Group Stage,Ecuador,3.0,0.0,0.0,3.0,1.0,17.0,-16.0,0.0,,,,,Angie Ponce - 1,-1.8312,-78.1834,CONMEBOL (South America),2015,ECU,Vanessa Arauz,Female,Ecuador,ğŸ‡ªğŸ‡¨,Ecuador ğŸ‡ªğŸ‡¨
71,Round of 16,Sweden,4.0,0.0,3.0,1.0,5.0,8.0,-3.0,3.0,,,,,Linda Sembrant - 2,60.1282,18.6435,UEFA (Europe),2015,SWE,Pia Sundhage,Female,Sweden,ğŸ‡¸ğŸ‡ª,Sweden ğŸ‡¸ğŸ‡ª
70,Round of 16,Switzerland,4.0,1.0,0.0,3.0,11.0,5.0,6.0,3.0,,,,,"Ramona Bachmann, Fabienne Humm - 3",46.8182,8.2275,UEFA (Europe),2015,CHE,Martina Voss-Tecklenburg,Female,Germany,ğŸ‡¨ğŸ‡­,Switzerland ğŸ‡¨ğŸ‡­
69,Round of 16,Korea Republic,4.0,1.0,1.0,2.0,4.0,8.0,-4.0,4.0,,,,,"Cho So-hyun, Jeon Ga-eul... - 1",35.9078,127.7669,AFC (Asia),2015,KOR,Yoon Deok-yeo,Male,South Korea,ğŸ‡°ğŸ‡·,Korea Republic ğŸ‡°ğŸ‡·
68,Round of 16,Netherlands,4.0,1.0,1.0,2.0,3.0,4.0,-1.0,4.0,,,,,Kirsten van de Ven - 2,52.1326,5.2913,UEFA (Europe),2015,NLD,Roger Reijners,Male,Netherlands,ğŸ‡³ğŸ‡±,Netherlands ğŸ‡³ğŸ‡±
67,Round of 16,Colombia,4.0,1.0,1.0,2.0,4.0,5.0,-1.0,4.0,,,,,"Daniela Montoya, Lady Andrade... - 1",4.5709,-74.2973,CONMEBOL (South America),2015,COL,FabiÃ¡n Taborda,Male,Colombia,ğŸ‡¨ğŸ‡´,Colombia ğŸ‡¨ğŸ‡´
66,Round of 16,Cameroon,4.0,2.0,0.0,2.0,9.0,4.0,5.0,6.0,,,,,GaÃ«lle Enganamouit - 3,7.3697,12.3547,CAF (Africa),2015,CMR,Enow Ngachu,Male,Cameroon,ğŸ‡¨ğŸ‡²,Cameroon ğŸ‡¨ğŸ‡²
65,Round of 16,Norway,4.0,2.0,1.0,1.0,9.0,4.0,5.0,7.0,,,,,Ada Hegerberg - 3,60.472,8.4689,UEFA (Europe),2015,NOR,Even Pellerud,Male,Norway,ğŸ‡³ğŸ‡´,Norway ğŸ‡³ğŸ‡´
64,Round of 16,Brazil,4.0,3.0,0.0,1.0,4.0,1.0,3.0,9.0,,,,,"Formiga, Marta... - 1",-14.235,-51.9253,CONMEBOL (South America),2015,BRA,VadÃ£o,Male,Brazil,ğŸ‡§ğŸ‡·,Brazil ğŸ‡§ğŸ‡·
55,Group Stage,Thailand,3.0,0.0,0.0,3.0,1.0,20.0,-19.0,0.0,0.9,15.0,-14.0,-4.68,Kanjana Sungngoen - 1,15.87,100.9925,AFC (Asia),2019,THA,Noengruthai Sratongwian,Female,Thailand,ğŸ‡¹ğŸ‡­,Thailand ğŸ‡¹ğŸ‡­
54,Group Stage,Jamaica,3.0,0.0,0.0,3.0,1.0,12.0,-11.0,0.0,2.3,9.2,-6.8,-2.28,Havana Solaun - 1,18.1096,-77.2975,CONCACAF (North and Central America),2019,JAM,Hue Menzies,Male,Jamaica,ğŸ‡¯ğŸ‡²,Jamaica ğŸ‡¯ğŸ‡²
53,Group Stage,South Africa,3.0,0.0,0.0,3.0,1.0,8.0,-7.0,0.0,1.2,9.8,-8.5,-2.84,Thembi Kgatlana - 1,-30.5595,22.9375,CAF (Africa),2019,ZAF,Desiree Ellis,Female,South Africa,ğŸ‡¿ğŸ‡¦,South Africa ğŸ‡¿ğŸ‡¦
52,Group Stage,Korea Republic,3.0,0.0,0.0,3.0,1.0,8.0,-7.0,0.0,3.5,4.9,-1.4,-0.46,Yeo Min-ji - 1,35.9078,127.7669,AFC (Asia),2019,KOR,Yoon Deok-yeo,Male,South Korea,ğŸ‡°ğŸ‡·,Korea Republic ğŸ‡°ğŸ‡·
51,Group Stage,New Zealand,3.0,0.0,0.0,3.0,1.0,5.0,-4.0,0.0,1.3,9.3,-8.0,-2.65,,-40.9006,174.886,OFC (Oceania),2019,NZL,Tom Sermanni,Male,Scotland,ğŸ‡³ğŸ‡¿,New Zealand ğŸ‡³ğŸ‡¿
50,Group Stage,Scotland,3.0,0.0,1.0,2.0,5.0,7.0,-2.0,1.0,4.0,6.3,-2.3,-0.76,"Erin Cuthbert, Jennifer Beattie... - 1",56.4907,-4.2026,UEFA (Europe),2019,GBR,Shelley Kerr,Female,Scotland,ğŸ´ó §ó ¢ó ³ó £ó ´ó ¿,Scotland ğŸ´ó §ó ¢ó ³ó £ó ´ó ¿
49,Group Stage,Argentina,3.0,0.0,2.0,1.0,3.0,4.0,-1.0,2.0,1.9,6.0,-4.1,-1.38,"Florencia Bonsegundo, Milagros MenÃ©ndez - 1",-38.4161,-63.6167,CONMEBOL (South America),2019,ARG,Carlos Borrello,Male,Argentina,ğŸ‡¦ğŸ‡·,Argentina ğŸ‡¦ğŸ‡·
48,Group Stage,Chile,3.0,1.0,0.0,2.0,2.0,5.0,-3.0,3.0,2.9,6.5,-3.5,-1.18,MarÃ­a JosÃ© Urrutia - 1,-35.6751,-71.543,CONMEBOL (South America),2019,CHL,Juan Letelier,Male,Chile,ğŸ‡¨ğŸ‡±,Chile ğŸ‡¨ğŸ‡±
47,Round of 16,Nigeria,4.0,1.0,0.0,3.0,2.0,7.0,-5.0,3.0,2.2,5.9,-3.6,-0.91,Asisat Oshoala - 1,9.082,8.6753,CAF (Africa),2019,NGA,Thomas Dennerby,Male,Sweden,ğŸ‡³ğŸ‡¬,Nigeria ğŸ‡³ğŸ‡¬
46,Round of 16,Cameroon,4.0,1.0,0.0,3.0,3.0,8.0,-5.0,3.0,5.2,5.6,-0.3,-0.09,Ajara Nchout - 2,7.3697,12.3547,CAF (Africa),2019,CMR,Alain Djeumfa,Male,Cameroon,ğŸ‡¨ğŸ‡²,Cameroon ğŸ‡¨ğŸ‡²
45,Round of 16,China,4.0,1.0,1.0,2.0,1.0,3.0,-2.0,4.0,2.9,4.1,-1.2,-0.31,Li Ying - 1,35.8617,104.1954,AFC (Asia),2019,CHN,Jia Xiuquan,Male,China,ğŸ‡¨ğŸ‡³,China ğŸ‡¨ğŸ‡³
44,Round of 16,Japan,4.0,1.0,1.0,2.0,3.0,5.0,-2.0,4.0,5.6,4.6,1.0,0.26,"Mana Iwabuchi, Yui Hasegawa... - 1",36.2048,138.2529,AFC (Asia),2019,JPN,Asako Takemoto,Female,Japan,ğŸ‡¯ğŸ‡µ,Japan ğŸ‡¯ğŸ‡µ
43,Round of 16,Spain,4.0,1.0,1.0,2.0,4.0,4.0,0.0,4.0,6.3,4.7,1.6,0.39,Jennifer Hermoso - 3,40.4637,-3.7492,UEFA (Europe),2019,ESP,Jorge Vilda,Male,Spain,ğŸ‡ªğŸ‡¸,Spain ğŸ‡ªğŸ‡¸
42,Round of 16,Canada,4.0,2.0,0.0,2.0,4.0,3.0,1.0,6.0,7.5,3.6,3.9,0.96,"Kadeisha Buchanan, Jessie Fleming... - 1",56.1304,-106.3468,CONCACAF (North and Central America),2019,CAN,Kenneth Heiner-MÃ¸ller,Male,Denmark,ğŸ‡¨ğŸ‡¦,Canada ğŸ‡¨ğŸ‡¦
41,Round of 16,Brazil,4.0,2.0,0.0,2.0,7.0,5.0,2.0,6.0,8.0,6.5,1.5,0.37,Cristiane - 4,-14.235,-51.9253,CONMEBOL (South America),2019,BRA,VadÃ£o,Male,Brazil,ğŸ‡§ğŸ‡·,Brazil ğŸ‡§ğŸ‡·
40,Round of 16,Australia,4.0,2.0,1.0,1.0,9.0,6.0,3.0,7.0,7.0,5.5,1.5,0.38,Sam Kerr - 5,-25.2744,133.7751,AFC (Asia),2019,AUS,Ante Milicic,Male,Australia,ğŸ‡¦ğŸ‡º,Australia ğŸ‡¦ğŸ‡º
39,Quarter Final,Norway,5.0,2.0,1.0,2.0,7.0,7.0,0.0,7.0,6.1,10.1,-4.1,-0.82,Isabell Herlovsen - 2,60.472,8.4689,UEFA (Europe),2019,NOR,Martin SjÃ¶gren,Male,Sweden,ğŸ‡³ğŸ‡´,Norway ğŸ‡³ğŸ‡´
38,Quarter Final,Italy,5.0,3.0,0.0,2.0,9.0,4.0,5.0,9.0,7.9,6.3,1.5,0.3,"Aurora Galli, Cristiana Girelli - 3",41.8719,12.5674,UEFA (Europe),2019,ITA,Milena Bertolini,Female,Italy,ğŸ‡®ğŸ‡¹,Italy ğŸ‡®ğŸ‡¹
37,Quarter Final,France,5.0,4.0,0.0,1.0,10.0,4.0,6.0,12.0,11.1,2.9,8.2,1.63,Wendie Renard - 4,46.6034,1.8883,UEFA (Europe),2019,FRA,Corinne Diacre,Female,France,ğŸ‡«ğŸ‡·,France ğŸ‡«ğŸ‡·
36,Quarter Final,Germany,5.0,4.0,0.0,1.0,10.0,2.0,8.0,12.0,11.2,4.9,6.3,1.26,Sara DÃ¤britz - 3,51.1657,10.4515,UEFA (Europe),2019,DEU,Martina Voss-Tecklenburg,Female,Germany,ğŸ‡©ğŸ‡ª,Germany ğŸ‡©ğŸ‡ª
35,4,England,7.0,5.0,0.0,2.0,13.0,5.0,8.0,15.0,15.3,5.6,9.8,1.4,Ellen White - 6,51.5074,-0.1278,UEFA (Europe),2019,GBR,Phil Neville,Male,England,ğŸ´ó §ó ¢ó ¥ó ®ó §ó ¿,England ğŸ´ó §ó ¢ó ¥ó ®ó §ó ¿
34,3,Sweden,7.0,5.0,0.0,2.0,12.0,6.0,6.0,15.0,13.2,8.0,5.1,0.74,Kosovare Asllani - 3,60.1282,18.6435,UEFA (Europe),2019,SWE,Peter Gerhardsson,Male,Sweden,ğŸ‡¸ğŸ‡ª,Sweden ğŸ‡¸ğŸ‡ª
33,2,Netherlands,7.0,6.0,0.0,1.0,11.0,5.0,6.0,18.0,10.7,9.2,1.6,0.22,Vivianne Miedema - 3,52.1326,5.2913,UEFA (Europe),2019,NLD,Sarina Wiegman,Female,Netherlands,ğŸ‡³ğŸ‡±,Netherlands ğŸ‡³ğŸ‡±
32,1,USA,7.0,7.0,0.0,0.0,26.0,3.0,23.0,21.0,20.2,4.2,16.1,2.29,"Alex Morgan, Megan Rapinoe - 6",37.0902,-95.7129,CONCACAF (North and Central America),2019,USA,Jill Ellis,Female,USA,ğŸ‡ºğŸ‡¸,USA ğŸ‡ºğŸ‡¸
23,Group Stage,Philippines,3.0,1.0,0.0,2.0,1.0,8.0,-7.0,3.0,0.7,8.9,-8.3,-2.75,Sarina Bolden - 1,14.5995,120.9842,AFC (Asia),2023,PHL,Alen Stajcic,Male,Australia,ğŸ‡µğŸ‡­,Philippines ğŸ‡µğŸ‡­
22,Group Stage,China,3.0,1.0,0.0,2.0,2.0,7.0,-5.0,3.0,3.0,4.4,-1.4,-0.48,Wang Shuang - 2,39.9042,116.4074,AFC (Asia),2023,CHN,Shui Qingxia,Female,China,ğŸ‡¨ğŸ‡³,China ğŸ‡¨ğŸ‡³
21,Group Stage,Italy,3.0,1.0,0.0,2.0,3.0,8.0,-5.0,3.0,4.2,5.2,-0.9,-0.3,Arianna Caruso - 2,41.9028,12.4964,UEFA (Europe),2023,ITA,Milena Bertolini,Female,Italy,ğŸ‡®ğŸ‡¹,Italy ğŸ‡®ğŸ‡¹
20,Group Stage,Canada,3.0,1.0,1.0,1.0,2.0,5.0,-3.0,4.0,4.3,4.8,-0.4,-0.14,Adriana Leon - 1,45.4215,-75.6972,CONCACAF (North and Central America),2023,CAN,Bev Priestman,Female,England,ğŸ‡¨ğŸ‡¦,Canada ğŸ‡¨ğŸ‡¦
19,Group Stage,New Zealand,3.0,1.0,1.0,1.0,1.0,1.0,0.0,4.0,4.3,1.7,2.6,0.87,Hannah Wilkinson - 1,-41.2865,174.7762,OFC (Oceania),2023,NZL,Jitka KlimkovÃ¡,Female,Czech Republic,ğŸ‡³ğŸ‡¿,New Zealand ğŸ‡³ğŸ‡¿
18,Group Stage,Portugal,3.0,1.0,1.0,1.0,2.0,1.0,1.0,4.0,5.3,4.0,1.2,0.4,"Telma EncarnaÃ§Ã£o, Kika Nazareth - 1",38.7223,-9.1393,UEFA (Europe),2023,PRT,Francisco Neto,Male,Portugal,ğŸ‡µğŸ‡¹,Portugal ğŸ‡µğŸ‡¹
17,Group Stage,Brazil,3.0,1.0,1.0,1.0,5.0,2.0,3.0,4.0,7.4,1.6,5.8,1.93,Ary Borges - 3,-15.8267,-47.9218,CONMEBOL (South America),2023,BRA,Pia Sundhage,Female,Sweden,ğŸ‡§ğŸ‡·,Brazil ğŸ‡§ğŸ‡·
16,Group Stage,Germany,3.0,1.0,1.0,1.0,8.0,3.0,5.0,4.0,5.9,1.6,4.2,1.42,Alexandra Popp - 4,52.52,13.405,UEFA (Europe),2023,DEU,Martina Voss-Tecklenburg,Female,Germany,ğŸ‡©ğŸ‡ª,Germany ğŸ‡©ğŸ‡ª
15,Round of 16,South Africa,4.0,1.0,1.0,2.0,6.0,8.0,-2.0,4.0,6.0,7.8,-1.8,-0.45,"Thembi Kgatlana, Hildah Magaia - 2",-25.7461,28.1881,CAF (Africa),2023,ZAF,Desiree Ellis,Female,South Africa,ğŸ‡¿ğŸ‡¦,South Africa ğŸ‡¿ğŸ‡¦
14,Round of 16,Norway,4.0,1.0,1.0,2.0,7.0,4.0,3.0,4.0,7.3,3.8,3.5,0.88,Sophie RomÃ¡n Haug - 3,59.9139,10.7522,UEFA (Europe),2023,NOR,Hege Riise,Female,Norway,ğŸ‡³ğŸ‡´,Norway ğŸ‡³ğŸ‡´
13,Round of 16,Switzerland,4.0,1.0,2.0,1.0,3.0,5.0,-2.0,5.0,4.6,5.7,-1.2,-0.29,"Ramona Bachmann, Seraina Piubel - 1",46.9481,7.4474,UEFA (Europe),2023,CHE,Inka Grings,Female,Germany,ğŸ‡¨ğŸ‡­,Switzerland ğŸ‡¨ğŸ‡­
12,Round of 16,Jamaica,4.0,1.0,2.0,1.0,1.0,1.0,0.0,5.0,2.7,5.0,-2.3,-0.58,Allyson Swaby - 1,18.1096,-77.2975,CONCACAF (North and Central America),2023,JAM,Lorne Donaldson,Male,Jamaica,ğŸ‡¯ğŸ‡²,Jamaica ğŸ‡¯ğŸ‡²
11,Round of 16,Morocco,4.0,2.0,0.0,2.0,2.0,10.0,-8.0,6.0,2.8,6.5,-3.6,-0.91,"Anissa Lahmari, Ibtissam JraÃ¯di - 1",34.0209,-6.8417,CAF (Africa),2023,MAR,Reynald Pedros,Male,France,ğŸ‡²ğŸ‡¦,Morocco ğŸ‡²ğŸ‡¦
10,Round of 16,Denmark,4.0,2.0,0.0,2.0,3.0,3.0,0.0,6.0,4.2,3.2,1.0,0.24,"Amalie Vangsgaard, Pernille Harder... - 1",55.6761,12.5683,UEFA (Europe),2023,DNK,Lars SÃ¸ndergaard,Male,Denmark,ğŸ‡©ğŸ‡°,Denmark ğŸ‡©ğŸ‡°
9,Round of 16,Nigeria,4.0,1.0,3.0,0.0,3.0,2.0,1.0,6.0,4.2,5.0,-0.8,-0.21,"Osinachi Ohale, Asisat Oshoala... - 1",9.0765,7.3986,CAF (Africa),2023,NGA,Randy Waldrum,Male,USA,ğŸ‡³ğŸ‡¬,Nigeria ğŸ‡³ğŸ‡¬
8,Round of 16,USA,4.0,1.0,3.0,0.0,4.0,1.0,3.0,6.0,9.2,1.4,7.8,1.95,"Lindsey Horan, Sophia Smith - 2",38.9072,-77.0369,CONCACAF (North and Central America),2023,USA,Vlatko Andonovski,Male,USA,ğŸ‡ºğŸ‡¸,USA ğŸ‡ºğŸ‡¸
7,Quarter Final,Colombia,5.0,3.0,0.0,2.0,6.0,4.0,2.0,9.0,4.0,6.1,-2.1,-0.43,"Catalina Usme, Linda Caicedo - 2",4.711,-74.0721,CONMEBOL (South America),2023,COL,Nelson AbadÃ­a,Male,Colombia,ğŸ‡¨ğŸ‡´,Colombia ğŸ‡¨ğŸ‡´
6,Quarter Final,Netherlands,5.0,3.0,1.0,1.0,12.0,3.0,9.0,10.0,9.3,6.1,3.2,0.65,Jill Roord - 4,52.3676,4.9041,UEFA (Europe),2023,NLD,Andries Jonker,Male,Netherlands,ğŸ‡³ğŸ‡±,Netherlands ğŸ‡³ğŸ‡±
5,Quarter Final,France,5.0,3.0,2.0,0.0,12.0,4.0,8.0,11.0,11.8,4.9,6.9,1.39,Kadidiatou Diani - 4,48.8566,2.3522,UEFA (Europe),2023,FRA,HervÃ© Renard,Male,France,ğŸ‡«ğŸ‡·,France ğŸ‡«ğŸ‡·
4,Quarter Final,Japan,5.0,4.0,0.0,1.0,15.0,3.0,12.0,12.0,12.5,3.8,8.8,1.75,Hinata Miyazawa - 5,35.6895,139.6917,AFC (Asia),2023,JPN,Futoshi Ikeda,Male,Japan,ğŸ‡¯ğŸ‡µ,Japan ğŸ‡¯ğŸ‡µ
3,4,Australia,7.0,3.0,1.0,3.0,10.0,8.0,2.0,10.0,11.4,8.3,3.0,0.43,Hayley Raso - 3,-35.2809,149.13,AFC (Asia),2023,AUS,Tony Gustavsson,Male,Sweden,ğŸ‡¦ğŸ‡º,Australia ğŸ‡¦ğŸ‡º
2,3,Sweden,7.0,5.0,1.0,1.0,14.0,4.0,10.0,16.0,13.1,7.8,5.3,0.76,Amanda Ilestedt - 4,59.3293,18.0686,UEFA (Europe),2023,SWE,Peter Gerhardsson,Male,Sweden,ğŸ‡¸ğŸ‡ª,Sweden ğŸ‡¸ğŸ‡ª
1,2,England,7.0,5.0,1.0,1.0,13.0,4.0,9.0,16.0,10.6,7.4,3.1,0.45,"Alessia Russo, Lauren Hemp... - 3",51.5098,-0.118,UEFA (Europe),2023,GBR,Sarina Wiegman,Female,Netherlands,ğŸ´ó §ó ¢ó ¥ó ®ó §ó ¿,England ğŸ´ó §ó ¢ó ¥ó ®ó §ó ¿
0,1,Spain,7.0,6.0,0.0,1.0,18.0,7.0,11.0,18.0,20.4,4.0,16.4,2.35,"Aitana BonmatÃ­, Jennifer Hermoso... - 3",40.4168,-3.7038,UEFA (Europe),2023,ESP,Jorge Vilda,Male,Spain,ğŸ‡ªğŸ‡¸,Spain ğŸ‡ªğŸ‡¸
31,Group Stage,Republic of Ireland,3.0,0.0,1.0,2.0,3.0,-2.0,1.0,2.6,4.9,4.9,-2.4,,Katie McCabe - 1,53.1424,-7.6921,UEFA (Europe),2023,IRL,Vera Pauw,Female,Netherlands,ğŸ‡®ğŸ‡ª,Republic of Ireland ğŸ‡®ğŸ‡ª
30,Group Stage,Vietnam,3.0,0.0,0.0,3.0,0.0,12.0,-12.0,0.0,0.6,14.4,-13.7,-4.57,,21.0285,105.8542,AFC (Asia),2023,VNM,Mai Äá»©c Chung,Male,Vietnam,ğŸ‡»ğŸ‡³,Vietnam ğŸ‡»ğŸ‡³
29,Group Stage,Panama,3.0,0.0,0.0,3.0,3.0,11.0,-8.0,0.0,2.3,9.7,-7.5,-2.5,"Lineth CedeÃ±o, Marta Cox... - 1",8.9824,-79.5199,CONCACAF (North and Central America),2023,PAN,Nacho Quintana,Male,Mexico,ğŸ‡µğŸ‡¦,Panama ğŸ‡µğŸ‡¦
28,Group Stage,Costa Rica,3.0,0.0,0.0,3.0,1.0,8.0,-7.0,0.0,2.4,9.6,-7.2,-2.39,Melissa Herrera - 1,9.9281,-84.0907,CONCACAF (North and Central America),2023,CRI,Amelia Valverde,Female,Costa Rica,ğŸ‡¨ğŸ‡·,Costa Rica ğŸ‡¨ğŸ‡·
27,Group Stage,Haiti,3.0,0.0,0.0,3.0,0.0,4.0,-4.0,0.0,2.1,6.1,-4.1,-1.36,,18.5944,-72.3074,CONCACAF (North and Central America),2023,HTI,Nicolas DelÃ©pine,Male,France,ğŸ‡­ğŸ‡¹,Haiti ğŸ‡­ğŸ‡¹
26,Group Stage,Korea Republic,3.0,0.0,1.0,2.0,1.0,4.0,-3.0,1.0,2.8,4.7,-1.9,-0.65,Cho So-hyun - 1,37.5665,126.978,AFC (Asia),2023,KOR,Colin Bell,Male,England,ğŸ‡°ğŸ‡·,Korea Republic ğŸ‡°ğŸ‡·
25,Group Stage,Argentina,3.0,0.0,1.0,2.0,2.0,5.0,-3.0,1.0,1.4,4.5,-3.1,-1.02,"Sophia Braun, Romina NÃºÃ±ez - 1",-34.6037,-58.3816,CONMEBOL (South America),2023,ARG,GermÃ¡n Portanova,Male,Argentina,ğŸ‡¦ğŸ‡·,Argentina ğŸ‡¦ğŸ‡·
24,Group Stage,Zambia,3.0,1.0,0.0,2.0,3.0,11.0,-8.0,3.0,2.8,13.0,-10.2,-3.39,"Lushomo Mweemba, Racheal Kundananji... - 1",-15.3875,28.3228,CAF (Africa),2023,ZMB,Bruce Mwape,Male,Zambia,ğŸ‡¿ğŸ‡²,Zambia ğŸ‡¿ğŸ‡²
